date,AAPL,MSFT,NVDA,AMZN,ASML,SAP,JPM,SHEL,NVO,SPY
2023-01-03,122.876747,232.510529,14.267299,85.820000,532.170227,98.396576,123.735184,48.299091,61.987457,363.231964
2023-01-04,124.144135,222.339798,14.699853,85.139999,552.757141,101.150314,124.889030,47.824554,61.901470,366.036194
2023-01-05,122.827621,215.750153,14.217465,83.120003,547.421692,100.459526,124.861351,47.867691,61.666119,361.858459
2023-01-06,127.346962,218.292862,14.809485,86.080002,576.985107,103.251114,127.250648,49.394829,62.747826,370.156708
2023-01-09,127.867630,220.418228,15.575923,87.360001,601.658264,105.455994,126.724800,50.102322,62.109661,369.946838
2023-01-10,128.437485,222.097168,15.855987,89.870003,613.336487,107.329674,127.859543,50.361164,60.493900,372.541199
2023-01-11,131.149094,228.812973,15.947680,95.089996,624.268982,108.701820,128.809677,50.844326,60.005093,377.253052
2023-01-12,131.070480,231.472153,16.455980,95.269997,631.899475,110.414619,128.680527,51.439648,60.475784,378.626526
2023-01-13,132.396774,232.170868,16.842686,98.120003,638.803772,110.726913,131.927734,51.431019,61.697811,380.095459
2023-01-17,133.556107,233.257843,17.643011,96.050003,637.351196,109.969856,129.888992,51.249836,62.901703,379.399170
2023-01-18,132.838943,228.851776,17.319096,95.459999,631.638000,110.793137,125.986816,50.378422,63.254738,373.409241
2023-01-19,132.897903,225.086258,16.709131,93.680000,610.295959,109.458855,124.307838,51.016884,63.662067,370.690796
2023-01-20,135.452301,233.131653,17.779554,97.250000,628.307068,110.831001,124.612282,50.818443,63.861214,377.596497
2023-01-23,138.635452,235.422043,19.129047,97.519997,654.626526,110.443008,126.632545,50.585487,63.852150,382.127014
2023-01-24,140.030563,234.897964,19.200804,96.320000,648.796997,109.950935,127.721123,50.033306,63.318081,381.716919
2023-01-25,139.372299,233.510178,19.258612,97.180000,659.952271,109.922546,128.339188,49.903885,62.860970,381.860046
2023-01-26,141.435471,240.682114,19.736012,99.220001,662.247253,107.973167,129.132538,50.490574,62.249954,386.056763
2023-01-27,143.370941,240.837372,20.297140,102.239998,646.260010,107.130943,129.446259,50.481953,62.498886,386.943817
2023-01-30,140.492340,235.548218,19.098148,100.550003,629.720703,109.856300,128.348434,50.395672,62.937916,382.088959
2023-01-31,141.759689,240.497711,19.471895,103.129997,639.917480,112.165283,129.114120,50.740788,62.811188,387.706879
2023-02-01,142.879700,245.291931,20.873215,105.150002,657.047363,114.531036,128.772781,50.318020,62.946968,391.827393
2023-02-02,148.175201,256.792267,21.636660,112.910004,674.496704,116.366859,128.173157,49.722698,59.896473,397.531219
2023-02-03,151.790634,250.726669,21.029688,103.389999,658.102722,114.152519,130.156540,50.300770,61.910526,393.305756
2023-02-06,149.069199,249.193283,21.018724,102.180000,642.402893,113.291374,130.922180,49.912506,62.489845,390.902130
2023-02-07,151.938004,259.664886,22.099112,102.110001,658.657837,113.404930,132.518143,51.431019,63.177784,396.014557
2023-02-08,149.255890,258.859467,22.131010,100.050003,643.198730,112.240990,131.586411,51.310238,63.173252,391.684296
2023-02-09,148.224304,255.841232,22.262566,98.239998,644.499268,112.326141,129.538483,51.586330,63.150635,388.288727
2023-02-10,148.588348,255.336578,21.194138,97.610001,636.948975,111.048645,130.110397,53.286022,63.155151,389.194794
2023-02-13,151.382812,263.314056,21.715395,99.540001,648.972778,112.117981,131.521866,53.346424,64.716614,393.763611
2023-02-14,150.743225,264.138916,22.894457,99.699997,657.454529,112.382942,132.103043,53.993515,64.698502,393.582397
2023-02-15,152.839096,262.027679,22.688147,101.160004,656.804260,112.865540,132.656525,53.889977,63.797844,394.860504
2023-02-16,151.245102,255.051804,21.928684,98.150002,636.881287,111.625885,130.829956,53.903049,62.770454,389.423767
2023-02-17,150.103668,251.072556,21.316732,97.199997,632.659790,111.048645,131.217453,52.823242,64.101082,388.450836
2023-02-21,146.098923,245.828491,20.586170,94.580002,611.164429,108.616646,128.809677,52.309467,64.544624,380.658142
2023-02-22,146.522049,244.699921,20.684841,95.790001,605.759155,109.070869,127.822601,51.334148,64.381683,380.133636
2023-02-23,147.004196,247.871658,23.585146,95.820000,619.228882,109.780602,128.846573,52.474918,64.671349,382.155701
2023-02-24,144.357361,242.471893,23.208403,93.500000,600.101379,107.102562,130.008926,52.797119,64.087509,378.073395
2023-02-27,145.547928,243.386475,23.422686,93.760002,613.396545,108.947853,131.143631,53.293472,64.884079,379.361023
2023-02-28,145.046082,242.666473,23.138638,94.230003,599.470581,107.708199,132.241425,52.919029,63.811420,377.958923
2023-03-01,142.979752,239.601807,22.622364,92.169998,596.772888,108.096184,131.503403,53.937881,64.657776,376.509125
2023-03-02,143.570175,244.310745,23.236309,92.129997,605.720337,108.380066,130.138107,54.355862,64.992691,379.437256
2023-03-03,148.608047,248.377533,23.810389,94.900002,618.539917,110.622810,132.527359,54.251369,65.581070,385.522644
2023-03-06,151.363159,249.914795,23.475517,93.750000,602.614868,113.300858,131.752518,54.486485,65.517700,385.789734
2023-03-07,149.168915,247.268402,23.214336,93.550003,591.105591,110.613350,127.877953,53.641800,65.137520,379.876068
2023-03-08,150.418533,246.830597,24.104515,93.919998,601.091370,111.105431,127.121498,53.441521,64.024155,380.496033
2023-03-09,148.175110,245.487991,23.361872,92.250000,586.864624,109.761673,120.239578,52.823242,64.282120,373.475952
2023-03-10,146.118637,241.858963,22.892365,90.730003,583.439026,109.260124,123.293091,52.561996,63.947197,368.086884
2023-03-13,148.057022,247.044647,22.893360,92.430000,586.903625,108.853218,121.079063,51.464771,63.607738,367.562286
2023-03-14,150.143036,253.728638,23.986889,94.879997,601.964722,111.777298,124.187897,51.726017,64.698502,373.638123
2023-03-15,150.536636,258.252747,24.151369,96.199997,588.756958,109.392616,118.320778,48.373405,63.806892,371.301300
2023-03-16,153.350754,268.721375,25.460215,100.040001,611.921448,113.840233,120.617798,47.580978,62.860970,377.815826
2023-03-17,152.514404,271.863922,25.643631,98.949997,614.958862,112.818230,116.060638,46.980114,63.109890,373.398102
2023-03-20,154.875900,264.858887,25.818081,97.709999,627.225342,114.862251,117.287567,48.103462,64.988167,376.988556
2023-03-21,156.725754,266.366913,26.116133,100.610001,623.149353,116.849487,120.433327,49.740574,66.662773,381.938660
2023-03-22,155.299026,264.917267,26.384279,98.699997,621.441528,115.676064,117.324478,49.505451,66.391228,375.427887
2023-03-23,156.381348,270.141846,27.104990,98.709999,644.528259,117.095520,117.010811,48.739147,67.699211,376.442841
2023-03-24,157.680191,272.972992,26.694300,98.129997,628.389771,116.669685,115.230377,47.520016,69.687897,378.913086
2023-03-27,155.741791,268.896515,26.447083,98.040001,625.012695,116.631836,118.532944,48.625938,70.577522,379.621582
2023-03-28,155.121902,267.777649,26.326464,97.239998,620.801025,116.840019,118.892746,48.913311,70.860390,378.769440
2023-03-29,158.191849,272.914703,26.898651,100.250000,639.637329,117.644379,119.132576,49.740574,71.435219,384.274811
2023-03-30,159.756363,276.358826,27.296387,102.000000,656.678162,119.300407,118.772797,50.454636,72.124115,386.524872
2023-03-31,162.255615,280.493744,27.689142,103.290001,660.589050,119.754631,120.211922,50.106319,72.603142,391.972809
2023-04-03,163.505264,279.452698,27.876547,102.410004,654.067810,119.536980,120.073524,52.692616,72.813011,393.466370
2023-04-04,162.973923,279.404022,27.366169,103.949997,648.914612,120.946976,118.468376,51.813103,72.347656,391.283417
2023-04-05,161.133926,276.640900,26.795975,101.099998,644.276001,119.934433,118.645027,52.135300,72.037430,390.258881
2023-04-06,162.019516,283.704376,26.951485,102.059998,637.696289,121.798653,118.514854,52.744869,72.703506,391.781219
2023-04-10,159.431656,281.554230,27.491768,102.169998,642.082703,120.606293,118.905350,52.945152,72.498207,392.183441
2023-04-11,158.221390,275.171875,27.083063,99.919998,640.268005,119.745178,119.491096,52.927738,72.251862,392.288696
2023-04-12,157.532623,275.813965,26.411194,97.830002,635.309082,120.284561,119.472496,53.450218,74.601402,390.689758
2023-04-13,162.905045,281.992004,26.379301,102.400002,645.741272,121.174088,119.928093,54.051079,76.481026,395.879272
2023-04-14,162.560699,278.392212,26.673367,102.510002,646.507935,120.577911,128.983810,54.042370,76.919006,394.912201
2023-04-17,162.580338,280.980164,26.916595,102.739998,620.150757,120.369728,130.006546,53.546013,78.045868,396.329193
2023-04-18,163.800461,280.561859,27.579493,102.300003,624.313965,120.786110,131.466217,53.911755,77.457344,396.587738
2023-04-19,164.941895,280.639709,27.842653,104.300003,605.167175,120.464363,131.298859,53.554722,75.290298,396.520660
2023-04-20,163.977570,278.363007,27.018269,103.809998,614.842529,120.047989,130.917694,53.685341,75.445412,394.356873
2023-04-21,162.373718,278.022552,27.033222,106.959999,615.715759,126.757263,130.666641,53.519890,78.766701,394.663239
2023-04-24,162.678726,274.140594,26.956470,106.209999,608.835510,125.422997,130.843323,53.990128,77.776703,395.074982
2023-04-25,161.143753,267.962463,26.158003,102.570000,587.854553,126.265190,127.998268,52.866776,76.909874,388.803589
2023-04-26,161.133926,287.372345,26.870737,104.980003,591.095642,126.189514,125.729691,52.675198,75.272041,387.156738
2023-04-27,165.709320,296.576172,27.139883,109.820000,610.640564,129.312286,127.421829,52.840652,75.741951,394.864349
2023-04-28,166.958969,298.940369,27.661228,105.449997,618.035217,128.006378,128.528244,53.972702,76.230110,398.234497
2023-05-01,166.870407,297.286407,28.818556,102.050003,618.227844,127.258804,131.280258,53.450218,76.380661,397.832397
2023-05-02,165.837265,297.140442,28.120771,103.629997,617.108704,127.145256,129.160461,51.595394,76.280289,393.361084
2023-05-03,164.764709,296.157806,27.714060,103.650002,617.780151,128.489014,126.427010,50.959698,76.540337,390.661041
2023-05-04,163.131332,297.140442,27.474823,104.000000,618.081970,126.889771,124.697647,51.673771,73.191666,387.894012
2023-05-05,170.786575,302.238556,28.589291,105.660004,632.943848,127.523758,127.133606,53.232525,74.473648,395.074982
2023-05-08,170.717743,300.292755,29.058794,105.830002,637.489014,128.489014,127.440422,52.997402,76.846008,395.180206
2023-05-09,169.015457,298.687378,28.480631,106.620003,625.868103,127.448051,126.826828,52.979988,76.887070,393.447205
2023-05-10,170.776764,303.853699,28.793636,110.190002,639.581665,127.590027,126.891884,53.119316,77.288551,395.285583
2023-05-11,170.963730,301.713196,28.487606,112.180000,632.817444,126.511238,126.492119,52.544586,77.096939,394.596191
2023-05-12,170.037537,300.604065,28.250362,110.260002,630.209045,126.584343,124.679092,52.561996,78.137115,394.079163
2023-05-15,169.544861,301.080780,28.861422,111.199997,638.170593,126.314995,125.729691,53.049648,77.297676,395.438812
2023-05-16,169.544861,303.299072,29.120600,113.400002,634.627563,128.104370,124.883644,52.170132,76.490158,392.796143
2023-05-17,170.155731,306.165649,30.082546,115.500000,652.584595,127.584869,128.723480,52.936451,76.234673,397.564362
2023-05-18,172.481125,310.572906,31.577803,118.150002,677.335327,128.816269,129.699707,52.800182,76.896187,401.394165
2023-05-19,172.589508,310.397491,31.165112,116.250000,675.456787,129.181824,129.402191,53.116661,77.804070,400.810089
2023-05-22,171.643600,313.166626,31.077394,115.010002,679.972778,128.229416,128.333008,52.773808,77.794952,400.972900
2023-05-23,169.042328,307.394287,30.590935,114.989998,663.242249,124.900795,126.994156,53.063911,74.583145,396.472809
2023-05-24,169.318207,306.019470,30.441410,116.750000,648.973755,124.304337,125.831978,52.343040,73.807571,393.600433
2023-05-25,170.451340,317.788300,37.859875,115.000000,689.549927,124.525604,126.138794,51.332047,74.108673,397.009003
2023-05-26,172.855515,324.584412,38.822807,120.110001,716.266541,126.420807,127.319557,51.674900,74.350471,402.150543
2023-05-30,174.698105,322.946289,39.984123,121.660004,708.801331,125.295242,127.803062,50.540833,72.908806,402.303680
2023-05-31,174.648819,320.196686,37.714329,120.580002,703.613770,125.487633,126.175972,49.230930,73.205360,400.072845
2023-06-01,177.447159,324.282074,39.644199,122.769997,707.351196,127.151947,127.914604,50.189186,72.073921,403.873932
2023-06-02,178.294510,327.031769,39.202606,124.250000,705.287903,127.921570,130.601562,51.217758,71.690712,409.714417
2023-06-05,176.944641,327.558258,39.047108,125.300003,702.903381,126.507393,129.318512,50.734234,72.014618,408.929291
2023-06-06,176.580078,325.354706,38.531734,126.610001,697.482056,126.834480,129.550980,50.725452,73.342216,409.819672
2023-06-07,175.210480,315.311646,37.360336,121.230003,691.233765,126.699799,130.806122,51.165009,71.868629,408.402679
2023-06-08,177.920105,317.144775,38.392162,124.250000,700.810730,128.152466,130.843323,51.727654,72.744568,410.872955
2023-06-09,178.304382,318.636627,38.651371,123.430000,696.732727,127.681061,131.103638,51.367203,72.105865,411.610107
2023-06-12,181.092834,323.570343,39.361187,126.570000,710.660339,128.691193,131.094345,50.830944,72.425209,415.344269
2023-06-13,180.619888,325.949432,40.896481,126.660004,717.570679,130.153488,132.042679,51.332047,71.914246,418.082520
2023-06-14,181.250504,328.923309,42.865437,126.419998,720.432068,130.413254,131.549927,52.184792,72.571220,418.580475
2023-06-15,183.280258,339.414948,42.522491,127.110001,718.952759,131.837051,133.037506,53.345234,74.149734,423.769867
2023-06-16,182.206284,333.788818,42.561371,125.489998,702.591919,132.067947,133.195541,53.055130,73.584007,422.326447
2023-06-20,182.294952,329.615723,43.673950,125.779999,701.161072,130.846146,132.516861,53.037548,73.757393,420.135315
2023-06-21,181.260391,325.237701,42.913288,124.830002,688.401489,129.672470,132.321640,53.406776,73.241859,417.982605
2023-06-22,184.255737,331.234253,42.893356,130.149994,698.241272,129.980331,129.774109,52.826546,73.004631,419.491486
2023-06-23,183.940445,326.661224,42.079853,129.330002,679.242859,128.402588,129.095398,52.395782,72.571220,416.320099
2023-06-26,182.551132,320.401428,40.507679,127.330002,681.530029,127.402069,129.411514,52.923252,71.727196,414.619141
2023-06-27,185.300186,326.222473,41.747871,129.179993,705.706421,127.960060,129.420807,52.694687,71.161484,419.164703
2023-06-28,186.472717,327.470551,40.991188,129.039993,704.840149,129.172211,128.853653,52.430950,71.531021,419.376129
2023-06-29,186.807724,326.690521,40.697086,127.900002,704.022583,129.326126,133.353592,52.615559,71.640526,421.029083
2023-06-30,191.123444,332.043549,42.172565,130.360001,705.385193,131.615784,135.222427,53.081505,73.830391,425.997528
2023-07-03,189.635651,329.557159,42.283222,130.220001,714.271179,129.441589,136.310196,53.503479,72.735443,426.487640
2023-07-05,188.522217,329.713165,42.187511,130.380005,696.547852,129.297287,135.402176,52.624352,72.995491,425.853333
2023-07-06,188.995163,332.755341,41.974167,128.360001,680.624939,127.402069,134.063522,51.455116,72.229042,422.518677
2023-07-07,187.881729,328.806366,42.372955,129.779999,678.123474,128.200562,135.121338,52.439735,71.617706,421.451904
2023-07-10,185.842133,323.550842,42.050926,127.129997,690.863831,129.759064,135.879578,52.677101,71.658768,422.518677
2023-07-11,185.319870,324.174866,42.275238,128.779999,686.162903,131.144394,138.004608,53.512272,69.459785,425.209473
2023-07-12,186.985062,328.786896,43.767666,130.800003,705.492188,135.242661,138.687973,54.321060,70.600334,428.630707
2023-07-13,187.743774,334.110626,45.836323,134.300003,730.680786,138.494324,139.362000,54.602383,71.572090,432.032654
2023-07-14,187.891602,336.626251,45.329880,134.679993,733.873230,138.869522,140.204529,53.345234,73.059364,431.763580
2023-07-17,191.143173,337.104065,46.318832,133.559998,734.330444,139.485214,143.583969,53.459522,73.428894,433.262665
2023-07-18,190.886963,350.520660,47.348671,132.830002,736.802673,139.408264,143.846115,53.661728,73.109550,436.482147
2023-07-19,192.236877,346.220764,46.932949,135.360001,696.654907,137.570770,144.398392,54.268322,73.100418,437.452820
2023-07-20,190.295776,338.215607,45.380722,129.960007,658.064270,128.845123,146.177048,55.033154,75.039368,434.550537
2023-07-21,189.123230,335.192932,44.173420,130.000000,674.833862,128.931702,145.053680,55.358429,75.577713,434.550537
2023-07-24,189.921341,336.499451,44.475491,128.800003,666.191040,127.363602,147.908905,55.718880,73.939873,436.491760
2023-07-25,190.778580,342.223114,45.539227,129.130005,668.935852,127.575249,146.804276,55.411171,74.049362,437.683411
2023-07-26,191.645645,329.342651,45.312927,128.149994,666.015930,127.315498,147.684219,55.050732,72.210793,437.750641
2023-07-27,190.384476,322.468506,45.759548,128.250000,689.199463,128.979828,146.055344,53.450733,71.471725,434.848389
2023-07-28,192.956177,329.927643,46.606953,132.210007,699.175598,131.615784,146.888504,53.573807,72.000931,439.105713
2023-07-31,193.567078,327.538818,46.586018,133.679993,697.267944,131.173264,147.871460,54.180408,73.497345,439.941772
2023-08-01,192.739380,327.948364,46.364689,131.690002,691.310974,131.211731,147.141266,53.644138,73.784752,438.682831
2023-08-02,189.753830,319.328888,44.133545,128.210007,666.290649,128.152466,145.474930,52.677101,72.238167,432.580414
2023-08-03,188.364548,318.509796,44.378784,128.910004,664.291138,127.180817,146.364243,53.266113,71.868629,431.340729
2023-08-04,179.319244,319.601868,44.543282,139.570007,661.393982,127.911957,146.055344,53.758423,71.444336,429.389862
2023-08-07,176.225372,321.873749,45.278030,142.220001,676.396423,130.644135,146.748077,54.013374,73.615959,433.137817
2023-08-08,177.161407,317.915100,44.527332,139.940002,662.691284,129.518555,145.924286,54.224361,86.303482,431.254242
2023-08-09,175.574997,314.190338,42.423790,137.850006,655.980164,130.374756,143.967789,54.962814,85.582649,428.371155
2023-08-10,175.358261,314.872894,42.258293,138.559998,661.169556,132.654785,143.752457,55.373322,83.073441,428.524933
2023-08-11,175.417465,313.000824,40.729988,138.410004,645.533325,132.423889,144.585632,55.462173,82.849884,428.275055
2023-08-14,177.065201,315.955200,43.619122,140.570007,650.185974,133.674530,144.885193,54.698040,81.864464,430.639221
2023-08-15,175.081985,313.829559,43.805546,137.669998,635.700500,132.462387,141.196823,54.138268,84.451225,425.622711
2023-08-16,174.213730,313.067444,43.352943,135.070007,630.569702,132.202621,140.597687,53.916130,84.241364,422.499420
2023-08-17,171.678024,309.627960,43.211369,133.979996,628.521240,129.239578,139.137344,54.191574,84.273300,419.280060
2023-08-18,172.161499,309.237183,43.166504,133.220001,639.241394,130.220840,139.455627,54.378170,83.949661,419.481873
2023-08-21,173.493469,314.513611,46.823292,134.679993,646.255066,131.519592,139.933044,54.573647,85.205704,422.211121
2023-08-22,174.864960,315.080353,45.528255,134.250000,651.132263,133.212753,137.031052,54.138268,84.811478,421.067566
2023-08-23,178.703049,319.516388,46.971828,135.520004,660.496399,134.819366,137.957794,53.960560,87.117302,425.757233
2023-08-24,174.026260,312.647308,47.018688,131.839996,631.915833,130.432480,137.826752,53.720657,84.967339,419.856598
2023-08-25,176.226501,315.588409,45.877197,133.259995,635.027527,132.241104,137.658264,54.227119,85.462425,422.816528
2023-08-28,177.785446,316.291901,46.691689,133.139999,642.811584,133.087708,138.135681,54.573647,85.948357,425.497742
2023-08-29,181.662964,320.894165,48.634731,134.910004,651.122437,134.732773,139.259048,55.097878,87.268585,431.648254
2023-08-30,185.145874,321.265503,49.113262,135.070007,653.122070,135.300385,138.697357,55.302246,86.214233,433.426147
2023-08-31,185.362946,320.258972,49.203987,138.009995,644.313782,134.386444,136.984238,55.168964,85.091103,432.791840
2023-09-01,186.931747,321.138428,48.360569,138.119995,646.255066,132.943390,137.442947,55.844246,86.782661,433.599091
2023-09-05,187.168518,325.916443,48.399452,137.270004,647.269409,132.443130,135.926407,55.844246,87.149399,431.725098
2023-09-06,180.469131,325.261780,46.920864,135.360001,649.688477,133.472519,135.701721,56.324051,87.671989,428.822876
2023-09-07,175.190506,322.359772,46.103310,137.850006,622.132080,134.636566,134.540924,56.004177,89.565254,427.506317
2023-09-08,175.802231,326.619995,45.436295,138.229996,612.445679,135.127213,134.643906,56.155235,89.574409,428.150116
2023-09-11,176.966492,330.206116,45.043472,143.100006,612.299622,133.886185,135.233673,56.439564,91.472267,430.965912
2023-09-12,173.947342,324.177216,44.736393,141.229996,603.608215,130.115005,136.993576,56.928253,90.193275,428.601837
2023-09-13,171.885254,328.369080,45.349560,144.850006,601.901245,130.596024,137.059128,56.803860,88.304611,429.101562
2023-09-14,173.394836,330.948700,45.445274,144.720001,606.632263,130.826920,139.717743,58.056686,88.414619,432.801422
2023-09-15,172.674561,322.662689,43.769276,140.389999,582.011902,130.105408,139.305847,57.443607,87.296082,427.586945
2023-09-18,175.595062,321.529205,43.835079,139.979996,583.055481,130.105408,139.596039,57.958961,85.544945,427.837677
2023-09-19,176.680389,321.128632,43.390415,137.630005,579.192810,129.585892,139.418198,57.905647,85.746643,426.950378
2023-09-20,173.148132,313.429016,42.113216,135.289993,575.398376,128.460297,138.828415,57.692394,86.851433,423.025269
2023-09-21,171.608963,312.217377,40.894859,129.330002,567.828796,126.180298,137.742508,57.274780,83.697533,416.033417
2023-09-22,172.457489,309.755096,41.486099,129.119995,572.686523,127.613724,136.422546,57.328098,83.706696,415.097900
2023-09-25,173.730286,310.272980,42.096279,131.270004,571.740295,126.940308,137.096558,57.496914,83.550835,416.843536
2023-09-26,169.665253,304.996552,41.786194,125.980003,558.649780,122.351402,135.673645,56.786087,84.155952,410.719574
2023-09-27,168.155701,305.631592,42.341534,125.980003,560.425232,122.832420,136.469345,57.683510,84.073418,410.883453
2023-09-28,168.412216,306.462097,42.960693,125.980003,566.394958,123.092163,138.163788,58.483189,83.908394,413.265594
2023-09-29,168.925262,308.523865,43.369476,127.120003,574.208252,124.410164,135.757935,57.203693,83.376640,412.262604
2023-10-02,171.431381,314.435394,44.648647,129.460007,567.887268,123.679008,134.587769,56.297401,84.165115,412.098602
2023-10-03,170.099380,306.217957,43.387424,124.720001,556.591492,123.082550,133.595444,56.306286,80.479439,406.582245
2023-10-04,171.342560,311.660400,43.909859,127.000000,576.354126,124.034950,134.194580,55.124531,81.634666,409.542969
2023-10-05,172.575897,312.051270,44.554928,125.959999,567.409485,124.641045,134.760376,55.675426,82.505646,409.388641
2023-10-06,175.121445,319.770477,45.625732,127.959999,582.694580,125.949402,136.835068,57.336971,84.458504,414.249237
2023-10-09,176.601471,322.271881,45.138187,128.259995,576.851685,124.977768,136.523849,58.749748,84.403481,416.901367
2023-10-10,176.009445,320.874573,45.661629,129.479996,587.367004,126.218781,137.353745,59.069626,85.274475,419.071320
2023-10-11,177.400650,324.812347,46.666622,131.830002,591.307861,127.363602,137.825241,58.954105,90.619598,420.787964
2023-10-12,178.298523,323.581207,46.805214,132.330002,601.618347,126.661316,137.504623,59.122925,91.848152,418.222595
2023-10-13,176.463333,320.229736,45.325630,129.789993,585.025879,123.900276,139.569885,59.869289,93.645149,416.139526
2023-10-16,176.335052,325.027374,45.957745,132.550003,588.976501,125.737755,139.428452,60.517929,92.737488,420.517883
2023-10-17,174.785980,324.460632,43.807159,131.470001,593.688049,125.535751,139.126663,60.846684,92.746651,420.498566
2023-10-18,173.493469,322.555237,42.070354,128.130005,568.931030,122.765083,137.598953,60.855572,92.205719,414.895416
2023-10-19,173.118561,323.737549,41.975632,128.399994,573.301025,128.316010,137.014236,60.509041,89.537750,411.249908
2023-10-20,170.572983,319.194031,41.263760,125.169998,565.858398,125.737755,134.807541,59.576088,88.281693,406.196503
2023-10-23,170.691391,321.783325,42.847034,126.559998,573.359497,127.180817,132.968613,59.593849,89.042656,405.492462
2023-10-24,171.125488,322.965607,43.532982,128.559998,586.001465,128.595001,133.128922,59.238441,89.409386,408.549622
2023-10-25,168.816757,332.873596,41.654591,121.389999,569.018921,125.747391,132.402802,59.407257,89.326874,402.686127
2023-10-26,164.662903,320.386078,40.205925,119.570000,573.759521,126.238022,132.742264,58.838596,87.282333,397.864044
2023-10-27,165.975174,322.262115,40.379406,127.739998,575.515320,126.401581,127.961052,58.962990,85.723717,396.060669
2023-10-30,168.017517,329.590454,41.038429,132.710007,574.422729,128.575760,129.592514,58.723091,88.382545,400.795868
2023-10-31,168.491135,330.372192,40.658566,133.089996,584.109009,128.912476,131.139114,57.878990,88.538391,403.312958
2023-11-01,171.648453,338.149963,42.198971,137.000000,594.856750,130.913513,131.025955,58.101116,89.556076,407.614227
2023-11-02,175.200409,340.348480,43.376453,138.070007,617.466919,133.318604,133.364685,60.908894,92.535782,415.425812
2023-11-03,174.292648,344.725922,44.870987,138.600006,628.243774,133.703400,134.854691,58.767509,90.005318,419.215973
2023-11-06,176.838226,348.370605,45.614773,139.740005,623.383545,133.289719,135.873184,59.380600,92.673302,420.180359
2023-11-07,179.393707,352.279053,45.818161,142.710007,622.278320,135.319611,135.807159,58.189968,93.232567,421.376160
2023-11-08,180.449387,354.887939,46.435318,142.080002,625.192566,136.772293,136.476715,57.239243,93.296753,421.684814
2023-11-09,179.975815,352.435425,46.810196,140.600006,620.273682,137.041641,136.071213,57.585766,91.710640,418.396179
2023-11-10,184.154877,361.209961,48.191071,143.559998,646.697815,139.591049,138.089310,58.287712,92.774162,424.925201
2023-11-13,182.574127,358.288330,48.475220,142.589996,640.165039,139.523697,137.476334,58.678665,92.398254,424.520142
2023-11-14,185.182327,361.796143,49.508137,145.800003,660.516113,142.053864,139.984802,58.971889,90.949654,432.756104
2023-11-15,185.745453,361.943085,48.742428,143.199997,663.049072,142.881195,141.210785,58.598686,88.410042,433.672302
2023-11-16,187.425003,368.307159,49.332668,142.830002,665.855835,142.948532,142.823395,57.981186,91.252213,434.202759
2023-11-17,187.405228,362.119293,49.151207,145.179993,670.960693,144.256912,144.115372,59.121067,92.957520,434.742798
2023-11-20,189.144043,369.550568,50.258896,146.130005,678.999451,147.479721,144.558563,59.848072,94.974548,438.089264
2023-11-21,188.343796,365.271942,49.795280,143.899994,669.327393,146.710098,144.256790,59.704460,94.231911,437.134521
2023-11-22,189.005722,369.952026,48.570938,146.710007,669.699036,147.345047,144.596313,58.717171,94.672005,438.822205
2023-11-24,187.681854,369.540802,47.633739,146.740005,675.938416,148.335938,144.794296,59.228771,96.679855,439.092255
2023-11-27,187.504028,370.696167,48.098351,147.729996,673.200134,149.057465,144.464264,59.067207,95.231262,438.301453
2023-11-28,188.106659,374.700684,47.678596,147.029999,661.083435,150.365814,144.794296,59.237740,92.994202,438.735474
2023-11-29,187.089096,370.931183,47.996651,146.320007,672.447083,152.607361,145.529907,59.103107,93.516792,438.426758
2023-11-30,187.662109,370.989868,46.630730,146.089996,668.682129,153.078751,147.189636,59.058235,93.370087,440.153107
2023-12-01,188.936569,366.681854,46.625748,147.029999,676.935974,154.011932,147.906372,58.726147,92.049858,442.756989
2023-12-04,187.148361,361.424103,45.374481,144.839996,675.097412,153.223053,148.990860,58.241474,92.526611,440.432770
2023-12-05,191.090317,364.733398,46.431423,146.880005,679.214600,153.309647,148.972000,57.586269,91.343903,440.345978
2023-12-06,190.003571,361.091156,45.371490,144.520004,676.818726,152.097488,147.406540,56.589993,89.473564,438.571503
2023-12-07,191.930084,363.196228,46.461334,146.880005,684.221680,153.290405,147.859238,56.787460,88.758438,441.917999
2023-12-08,193.352753,366.407715,47.368713,147.419998,681.072632,154.079269,149.490677,57.568317,88.602577,443.817871
2023-12-11,190.853210,363.538940,46.492245,145.889999,694.578064,153.088394,150.037643,57.334961,88.611748,445.544128
2023-12-12,192.364777,366.554535,47.519268,147.479996,704.670532,152.251389,151.376755,57.173405,88.208328,447.578979
2023-12-13,195.575623,366.544769,47.949020,148.839996,719.075684,153.704071,151.885986,57.640125,90.674622,453.751160
2023-12-14,195.723831,358.281219,48.210262,147.419998,737.089539,150.086823,154.649094,58.779991,89.849472,455.207428
2023-12-15,195.190323,362.980835,48.748703,149.970001,736.356018,147.672119,155.818466,57.514469,89.024323,454.457886
2023-12-18,193.530548,364.860748,49.932274,154.070007,725.696411,149.018967,156.761490,58.079914,90.747963,457.014313
2023-12-19,194.567932,365.458008,49.460640,153.789993,728.297729,149.192139,158.855072,58.788979,91.673958,459.793335
2023-12-20,192.483322,362.873169,47.971954,152.119995,713.520935,145.401718,157.063278,58.394054,92.884171,453.421875
2023-12-21,192.335129,365.732117,48.848419,153.839996,738.615173,146.402237,157.959152,58.923599,94.873703,457.721161
2023-12-22,191.268158,366.750336,48.688873,153.419998,735.935669,146.902496,157.864838,59.067207,94.167740,458.641022
2023-12-26,190.724747,366.828674,49.136578,153.410004,745.861755,147.364258,158.798477,59.336479,94.140228,460.577576
2023-12-27,190.823532,366.251068,49.274185,153.339996,747.182007,149.981003,159.750946,59.354427,95.057068,461.410370
2023-12-28,191.248367,367.435791,49.378876,153.380005,741.138245,148.470612,160.599655,58.744091,94.864540,461.584717
2023-12-29,190.211029,368.179840,49.378876,151.940002,740.228760,148.720749,160.411087,59.058235,94.846191,460.248413
2024-01-02,183.403992,363.117920,48.028793,149.929993,701.110779,144.507050,162.278290,59.156971,93.617638,457.672699
2024-01-03,182.030746,362.853607,47.431526,148.470001,687.859680,144.102966,161.570999,60.072456,95.002060,453.935059
2024-01-04,179.718933,360.249176,47.859283,144.570007,684.847473,142.881195,162.643219,59.560860,98.678551,452.472870
2024-01-05,178.997711,360.063202,48.955105,145.240005,687.830322,144.160721,163.459229,58.995407,97.165787,453.092651
2024-01-08,183.324966,366.858063,52.101990,149.100006,704.944458,146.767807,163.222031,57.999142,97.550850,459.560944
2024-01-09,182.910034,367.935089,52.986423,151.369995,700.162109,146.373383,161.931595,57.352909,98.055099,458.863739
2024-01-10,183.947403,374.769165,54.192924,153.729996,701.961609,149.923294,162.273148,56.607956,99.632057,461.458771
2024-01-11,183.354599,376.590271,54.663559,155.179993,702.685364,150.567841,161.589981,56.724628,97.816734,461.255524
2024-01-12,183.680649,380.349976,54.551884,154.619995,697.492310,152.520767,160.403931,57.263161,98.247643,461.575012
2024-01-16,181.418213,382.112427,56.219051,153.160004,690.920471,150.866074,159.398132,55.432163,97.505005,459.880432
2024-01-17,180.479645,381.329193,55.891006,151.710007,696.563354,151.789612,158.544174,54.785942,97.807564,457.324158
2024-01-18,186.358002,385.637177,56.941959,153.500000,728.112000,154.339020,158.857285,55.064178,98.605209,461.390961
2024-01-19,189.252731,390.336823,59.319061,155.339996,741.118713,157.244354,161.599472,54.848770,98.064270,467.142761
2024-01-22,191.554626,388.222015,59.481594,154.779999,749.773621,157.013474,161.409744,54.911602,96.716530,468.130432
2024-01-23,192.829086,390.561981,59.699959,156.020004,761.225342,157.177032,160.347015,54.884666,96.606514,469.495789
2024-01-24,192.157288,394.145508,61.184654,156.869995,828.625549,167.980652,161.779755,55.162907,96.459816,470.009003
2024-01-25,191.831253,396.407288,61.438927,157.750000,849.915466,166.855072,164.094955,56.087372,96.890732,472.565430
2024-01-26,190.102341,395.486908,60.854610,159.119995,848.614807,167.085953,163.468719,56.697701,99.081955,471.965057
2024-01-29,189.420639,401.155853,62.284477,161.259995,863.156982,169.644943,163.895706,56.913113,99.952950,475.702698
2024-01-30,185.775085,400.049500,62.592579,159.000000,848.888672,169.058121,167.254654,57.343933,99.952950,475.334717
2024-01-31,182.178940,389.269592,61.349186,155.199997,850.639099,166.527985,165.442337,56.464344,105.197220,467.578552
2024-02-01,184.609329,395.340027,62.844849,159.279999,870.902222,170.491562,164.844543,57.514469,106.159889,473.698303
2024-02-02,183.611481,402.624512,65.968803,171.809998,871.019470,170.337631,165.793427,56.814384,104.243706,478.685120
2024-02-05,185.419449,397.170929,69.131638,170.309998,880.263672,170.318390,165.575195,56.527172,108.424469,476.942047
2024-02-06,187.019974,397.014313,68.025826,169.149994,886.484436,172.001938,166.144501,57.128525,107.828537,478.326874
2024-02-07,187.128616,405.395386,69.896408,170.529999,903.471680,174.301193,166.457596,57.047745,108.791206,482.316254
2024-02-08,186.051758,405.454071,69.439735,169.839996,904.167297,174.281967,165.859833,57.047745,108.543655,482.529327
2024-02-09,186.813446,411.759491,71.924522,174.449997,930.284973,174.657166,166.059097,57.209301,111.119949,485.318054
2024-02-12,185.131744,406.580078,72.039192,172.339996,910.309937,172.579178,166.799194,57.577290,110.505676,485.105011
2024-02-13,183.044510,397.826996,71.919533,168.639999,884.946350,167.374557,165.347458,56.922089,110.010582,478.423645
2024-02-14,182.164124,401.672058,73.686424,170.979996,905.636780,170.732071,167.026917,56.931065,113.036125,482.771393
2024-02-15,181.877228,398.798035,72.448013,169.800003,910.926941,170.857132,170.670532,57.691452,111.624207,486.102325
2024-02-16,180.343948,396.345764,72.403145,169.509995,910.045288,170.193329,169.873474,57.682381,113.696243,483.681610
2024-02-20,179.602020,395.100037,69.251282,167.080002,891.069275,169.895096,170.537674,57.727753,111.349144,481.018768
2024-02-21,180.353867,394.501709,67.277008,168.589996,889.737000,169.240906,171.647827,58.417355,110.872414,481.454468
2024-02-22,182.381729,403.790863,78.311028,174.580002,932.489319,174.791855,173.706863,58.190514,114.163826,491.418396
2024-02-23,180.551697,402.505890,78.589211,174.990005,914.267578,177.225784,174.579819,58.009045,113.182816,491.757294
2024-02-26,179.206375,399.759308,78.863426,174.729996,928.315979,180.390869,173.982025,57.509972,113.219490,489.956207
2024-02-27,180.660492,399.700500,78.473541,173.539993,922.222412,181.987869,174.067413,57.528126,112.064293,490.866425
2024-02-28,179.463547,399.935883,77.438545,173.160004,920.390503,179.582779,174.949875,56.784069,111.431671,490.217651
2024-02-29,178.800766,405.742920,78.883354,176.759995,932.322693,180.737198,176.543945,57.010918,109.808884,491.980011
2024-03-01,177.722549,407.567352,82.041214,178.220001,970.784241,181.372147,175.813309,57.673306,113.897949,496.598846
2024-03-04,173.211685,406.998474,84.990669,177.580002,977.739807,183.575211,177.132233,57.029064,117.308563,496.066254
2024-03-05,168.285431,394.962646,85.719582,174.119995,949.133606,180.342773,178.906586,57.047207,114.283020,491.108490
2024-03-06,167.296173,394.413361,88.447800,173.509995,983.510010,183.440521,179.836456,57.936451,114.374710,493.597107
2024-03-07,167.177490,401.328827,92.405510,176.820007,1026.085938,188.144867,178.261368,58.299400,124.615700,498.496765
2024-03-08,168.888824,398.464539,87.279129,175.350006,974.105347,185.662827,178.593460,58.362919,122.002747,495.504700
2024-03-11,170.887054,396.796967,85.530121,171.960007,943.089233,182.622803,178.659866,58.335697,120.324944,495.078613
2024-03-12,171.361877,407.351593,91.651672,175.389999,964.269531,186.470932,180.130600,58.535316,123.873062,500.404388
2024-03-13,169.284515,407.175018,90.629578,176.559998,949.075012,185.201050,181.591873,59.624180,122.387817,499.619965
2024-03-14,171.134354,417.101807,87.693954,178.750000,940.257996,183.219254,178.356262,59.687691,123.387146,498.632385
2024-03-15,170.758453,408.469849,87.587257,174.419998,921.086060,181.160492,180.567078,59.760288,121.360954,495.208435
2024-03-18,171.846603,409.352661,88.203491,174.479996,922.193054,179.678986,182.806396,60.014355,121.837715,498.151520
2024-03-19,174.181122,413.364471,89.143837,175.899994,932.547974,181.545319,183.878586,60.313793,120.444138,500.919769
2024-03-20,176.743195,417.111633,90.115059,178.149994,951.171448,183.151917,186.288681,60.731182,119.518127,505.552979
2024-03-21,169.521942,421.172577,91.175018,178.149994,970.637268,187.413727,188.879028,60.658592,119.032204,507.223633
2024-03-22,170.422119,420.554535,94.020920,178.869995,960.027527,187.933212,186.563858,60.722115,118.902924,506.262085
2024-03-25,169.007553,414.786865,94.731888,179.710007,959.018555,187.865875,184.855896,61.175804,119.170731,504.863403
2024-03-26,167.879852,413.599976,92.297821,178.300003,951.543701,189.193497,185.719360,60.576939,119.503174,503.930878
2024-03-27,171.441040,413.384094,89.993393,179.830002,954.198608,189.607147,189.315552,60.576939,118.247284,508.165833
2024-03-28,169.630768,412.687714,90.099106,180.380005,950.730530,187.625366,190.055634,60.830997,118.570480,508.068726
2024-04-01,168.196381,416.464203,90.106071,180.970001,972.753357,188.587402,188.765198,61.629501,117.785561,507.184845
2024-04-02,167.019211,413.393951,89.197655,180.690002,947.047058,184.825851,188.689270,63.299084,116.778992,503.960083
2024-04-03,167.820435,412.422852,88.711067,182.410004,960.331360,185.903336,188.157913,63.598503,117.268417,504.513641
2024-04-04,166.999420,409.901917,85.660751,180.000000,934.017578,183.777237,186.726349,63.743694,114.470390,498.355530
2024-04-05,167.751236,417.396088,87.757767,185.070007,959.625916,184.537247,188.444260,64.687378,116.224930,503.561737
2024-04-08,166.633423,416.483826,86.885262,185.190002,962.721680,184.354462,189.427261,65.168289,117.702446,503.843445
2024-04-09,167.840271,418.141571,85.111305,185.669998,969.696716,180.756454,188.157913,65.186447,115.301491,504.426239
2024-04-10,165.970657,415.179199,86.791519,185.949997,954.786316,177.225784,186.554550,65.921432,115.366127,499.375366
2024-04-11,173.152359,419.760040,90.358360,189.050003,971.999023,178.620728,186.516388,65.930504,115.800148,503.144196
2024-04-12,174.646088,413.845154,87.935265,186.130005,942.276123,173.916382,174.452881,65.730873,114.978279,496.199188
2024-04-15,170.827682,405.742920,85.756470,183.619995,935.398804,173.387268,174.548340,65.277176,114.414978,489.982697
2024-04-16,167.553391,406.664978,87.166466,183.320007,957.049377,173.704742,172.553665,64.478683,113.999420,489.089142
2024-04-17,166.188293,403.977234,83.796074,181.279999,889.149109,173.108292,171.866516,64.551270,114.996742,486.194550
2024-04-18,165.238602,396.551788,84.430252,179.220001,870.947021,171.857651,172.983139,64.451454,113.353012,485.194122
2024-04-19,163.220596,391.500061,75.983345,174.630005,842.056885,169.096603,177.325607,65.395142,113.316071,480.959137
2024-04-22,164.051544,393.304962,79.291916,177.229996,854.312439,171.415100,180.770935,65.685501,115.670860,485.388367
2024-04-23,165.100128,399.788788,82.188637,179.539993,883.232056,180.871887,183.376450,66.030289,118.792114,491.148285
2024-04-24,167.197281,401.250275,79.450455,176.589996,874.170044,180.929626,184.273575,66.356964,116.501961,490.915192
2024-04-25,168.057892,391.421631,82.397064,173.669998,884.152954,178.062744,184.550323,66.484009,116.160286,489.050293
2024-04-26,167.474243,398.562622,87.485558,179.619995,902.150391,179.111374,184.664856,66.484009,117.139145,493.683502
2024-04-29,171.628952,394.570343,87.507477,180.960007,893.118774,176.792877,184.464432,66.347900,117.166840,495.431824
2024-04-30,168.493149,381.897003,86.156342,175.000000,856.501343,174.330078,182.994659,65.023117,118.487366,487.583557
2024-05-01,167.474243,387.399933,82.804886,179.000000,837.230774,173.233353,183.109192,64.378860,119.318489,486.000305
2024-05-02,171.164017,390.244507,85.573006,184.720001,854.351501,173.781723,182.918320,65.431427,114.525795,490.546082
2024-05-03,181.402435,398.896088,88.536552,186.210007,885.127747,176.485016,181.820770,65.667358,113.630058,496.626556
2024-05-06,179.750397,405.644745,91.878029,188.699997,900.137878,178.370621,183.242828,66.039383,115.052147,501.755127
2024-05-07,180.432953,401.524933,90.296532,188.759995,891.596985,180.419739,183.004211,66.211792,117.545456,502.308807
2024-05-08,180.769302,402.702057,90.154938,188.000000,894.787537,183.084564,186.726349,65.903275,116.991394,502.357361
2024-05-09,182.579590,404.448120,88.494675,189.500000,896.819702,184.700790,188.491959,66.738068,118.810577,505.251862
2024-05-10,181.321579,406.821869,89.622452,187.479996,913.263000,182.834442,189.704025,67.228050,118.588951,505.902740
2024-05-13,184.521057,405.821350,90.141975,186.570007,900.451965,182.747864,189.665863,67.300636,122.273506,505.970642
2024-05-14,185.660217,408.607147,91.096252,187.070007,898.282471,182.497726,192.319046,67.200829,122.744469,508.292084
2024-05-15,187.928589,415.751129,94.360939,185.990005,920.262634,185.133713,192.891693,66.511238,124.351257,514.586304
2024-05-16,188.047455,413.697357,94.090706,183.630005,902.709900,185.732773,193.235291,65.712494,122.855278,513.527588
2024-05-17,188.077194,412.930878,92.216049,184.699997,908.040466,187.807617,195.449478,65.877373,121.793327,514.265808
2024-05-20,189.236130,417.972046,94.510506,183.539993,922.245789,190.242889,186.659531,65.575073,122.735229,514.858276
2024-05-21,190.533768,421.607910,95.114792,183.149994,908.335022,189.677917,190.419861,65.401047,124.812981,516.120911
2024-05-22,189.097427,423.062347,94.680031,183.130005,905.448914,188.888885,189.265015,64.567513,123.769485,514.634827
2024-05-23,185.115402,419.603271,103.503876,181.050003,917.150696,189.970154,187.938400,64.457596,125.191582,510.875885
2024-05-24,188.186127,422.708588,106.166283,180.750000,938.718567,190.320816,191.555557,64.869774,125.625610,514.255981
2024-05-28,188.196060,422.865784,113.577148,182.149994,973.696411,187.534882,190.400742,65.712494,123.815666,514.615356
2024-05-29,188.493179,421.735748,114.498520,182.020004,940.348267,185.440536,189.074158,65.446846,122.522835,511.011719
2024-05-30,189.483780,407.486847,110.185822,179.320007,948.437439,175.582596,190.238495,65.446846,122.633652,507.621918
2024-05-31,190.434708,407.938934,109.321281,176.440002,942.773071,177.715897,193.387985,66.665100,124.923782,512.245422
2024-06-03,192.197906,406.356781,114.673004,178.339996,947.809082,179.469284,192.614929,64.860619,125.237762,512.663086
2024-06-04,192.514877,408.862640,116.105927,179.339996,933.407471,179.449799,190.076248,64.201103,129.208588,513.236145
2024-06-05,194.020538,416.665100,122.091888,181.279999,1022.280701,183.862503,188.262894,63.944633,130.205902,519.335999
2024-06-06,192.643661,417.166260,120.653969,185.000000,1033.344360,188.041397,187.928848,64.347672,131.498734,519.326294
2024-06-07,195.030884,416.507874,120.544281,184.300003,1009.597107,186.151657,190.830215,63.614887,131.941986,518.694946
2024-06-10,191.296478,420.458191,121.443718,187.059998,1022.643799,185.313919,190.505707,64.704903,132.634583,520.297607
2024-06-11,205.194016,425.184875,120.576134,187.229996,1017.048218,183.852753,185.495193,64.384315,130.935410,521.550720
2024-06-12,211.058121,433.419739,124.854271,186.889999,1049.296875,192.093689,182.794250,64.494225,132.292892,525.834106
2024-06-13,212.217087,433.930756,129.252106,183.830002,1033.442383,187.437454,184.827118,63.898842,131.581848,526.892883
2024-06-14,210.483582,434.903595,131.515823,183.660004,1009.086609,182.956589,184.941605,63.202694,131.591080,527.213440
2024-06-17,214.624115,440.603119,130.618332,184.059998,1033.206909,185.099625,186.086868,63.340099,129.624115,531.409546
2024-06-18,212.266586,438.608276,135.205612,182.809998,1041.953979,183.735855,188.014771,63.688171,130.021225,532.759705
2024-06-20,207.700104,437.979340,130.418854,186.100006,1031.508545,186.512054,189.608627,64.146164,130.196671,531.312500
2024-06-21,205.530807,441.988647,126.220497,189.080002,1017.627441,189.132416,187.346725,64.063713,131.092422,530.600159
2024-06-24,206.174667,439.915253,117.783844,185.570007,983.670349,186.726364,189.809036,65.419373,131.387909,528.875427
2024-06-25,207.095886,443.138458,125.741814,186.339996,1004.610107,190.671509,189.035965,65.538445,135.663483,530.911865
2024-06-26,211.236404,444.327423,126.050964,193.610001,997.993347,193.447693,188.425125,64.906425,132.671494,531.574646
2024-06-27,212.078400,445.005524,123.647614,197.850006,1009.194763,195.551773,190.085785,65.437683,133.428726,532.412598
2024-06-28,208.631256,439.207733,123.198860,193.250000,1004.011230,196.486908,193.034866,66.115524,131.812698,530.317566
2024-07-01,214.703354,448.818268,123.956764,197.199997,1014.574219,194.256210,196.079361,66.747543,134.287537,531.408875
2024-07-02,218.190140,451.324127,122.331268,200.000000,1028.710693,193.437958,199.305191,66.903252,132.034332,534.985168
2024-07-03,219.458054,452.788300,127.925774,197.589996,1051.800415,197.763000,199.171600,66.875778,128.238968,537.372559
2024-07-05,224.202805,459.460693,125.482536,200.000000,1054.813965,200.607376,196.532486,67.095619,131.471039,540.471313
2024-07-08,225.668839,458.163513,127.845978,199.289993,1057.670776,197.538940,196.897156,66.610146,132.117447,541.095032
2024-07-09,226.520721,451.579651,131.017197,199.339996,1040.569580,195.093933,199.257950,66.481918,129.679535,541.621155
2024-07-10,230.780106,458.173401,134.537476,199.789993,1078.836060,197.051880,199.421097,66.802505,131.812698,546.980713
2024-07-11,225.421188,446.823456,127.048210,195.050003,1043.053223,196.506378,199.085220,66.839149,129.088531,542.264343
2024-07-12,228.363159,445.693329,128.883118,194.490005,1065.396851,199.798859,196.676422,66.939903,131.203217,545.684753
2024-07-15,232.186707,446.096283,128.085342,192.720001,1044.162842,198.240295,201.580368,66.829979,130.566055,547.185242
2024-07-16,232.602737,441.733154,126.011070,193.020004,1048.639160,199.565079,205.006424,66.573494,130.085861,550.430298
2024-07-17,226.718857,435.837128,117.664177,187.929993,915.000732,194.830917,208.125366,67.123085,125.053070,542.712585
2024-07-18,222.063187,432.741699,120.755615,183.750000,907.235657,192.122910,201.513184,67.095619,120.038773,538.541870
2024-07-19,222.191986,429.538116,117.604362,183.130005,878.982300,192.103439,201.321274,66.179642,121.470093,534.965637
2024-07-22,221.845306,435.267212,123.198860,182.550003,924.032410,195.279022,201.801086,66.142998,122.984558,540.481201
2024-07-23,222.885376,437.144073,122.251488,186.410004,915.736938,209.198990,201.849060,65.318604,123.076912,539.633301
2024-07-24,216.476456,421.470459,113.934517,180.830002,856.776306,203.977768,200.179245,65.199539,121.525536,527.403931
2024-07-25,215.436371,411.152222,111.969963,179.850006,846.841492,205.351273,200.256027,66.033073,118.071823,524.655945
2024-07-26,215.901962,417.903229,112.747803,182.500000,872.130127,207.922913,203.682083,65.996445,117.028336,530.531921
2024-07-29,216.179321,419.337982,111.281845,183.199997,856.200073,203.782959,202.348114,65.804085,118.247284,530.843689
2024-07-30,216.734024,415.593994,103.443565,181.710007,846.059937,201.406128,206.513123,65.923172,119.336945,528.154236
2024-07-31,219.983047,411.103119,116.696869,186.979996,921.259705,206.120819,204.219498,67.068130,122.476662,536.739197
2024-08-01,216.298157,409.884613,108.908432,184.070007,869.143127,200.237213,199.574661,66.811653,122.319695,529.138489
2024-08-02,217.783997,401.413940,106.973778,167.899994,796.008850,199.418961,191.110275,65.657516,117.730148,519.286743
2024-08-05,207.293991,388.305023,100.172607,161.020004,806.827515,193.876312,187.041229,64.109512,116.354218,504.163147
2024-08-06,205.273254,392.687744,103.962128,161.929993,829.114014,196.506378,192.261887,63.862194,120.158798,508.811340
2024-08-07,207.838821,391.528137,98.636871,162.770004,822.563782,196.370010,192.319473,64.723228,110.102493,505.410400
2024-08-08,211.295853,395.714417,104.680138,165.800003,862.199524,200.938568,195.831909,65.355270,118.358093,517.094116
2024-08-09,214.198181,398.986694,104.460747,166.940002,846.364868,203.130310,197.501740,65.840721,123.252365,519.374329
2024-08-12,215.725433,399.763031,108.718956,166.800003,838.801636,200.646332,197.876038,66.335358,119.946411,519.647278
2024-08-13,219.434402,406.838287,115.819305,170.229996,855.157532,205.555847,199.555450,66.225441,123.344711,528.193115
2024-08-14,219.880630,409.638947,117.753944,170.100006,865.081116,207.046219,201.762741,66.793343,124.129623,529.859558
2024-08-15,222.855789,414.482422,122.520744,177.589996,912.948853,209.374329,203.019882,67.022331,127.038490,538.941406
2024-08-16,224.174759,411.962250,124.236000,177.059998,903.517029,210.572479,205.342316,67.205414,125.029877,540.149780
2024-08-19,224.016068,414.974640,129.641006,178.220001,917.768127,213.368149,206.762619,67.381104,125.363571,545.314392
2024-08-20,224.630920,418.193787,126.898628,178.880005,910.913086,212.131058,205.870148,66.021843,125.882622,544.427551
2024-08-21,224.521835,417.544037,128.145157,180.110001,928.055725,213.202560,205.946945,65.920128,125.094780,546.298645
2024-08-22,222.667343,409.087677,123.398308,176.130005,892.747498,211.624512,207.895050,66.068069,126.874420,542.010864
2024-08-23,224.958176,410.308380,129.012756,177.039993,892.304932,213.475311,209.507294,66.974251,126.957848,547.769958
2024-08-26,225.295364,407.059723,126.110794,175.500000,868.749695,210.270508,210.332626,67.566048,125.409912,546.464172
2024-08-27,226.138306,407.404236,127.945732,173.119995,875.211487,212.189499,211.301910,67.168442,125.298676,547.214539
2024-08-28,224.611099,404.214630,125.263145,170.800003,873.490173,211.312790,212.367157,66.530403,124.649834,544.037842
2024-08-29,227.883713,406.695465,117.265289,172.119995,873.077209,213.114899,213.250061,67.057465,127.467644,544.086548
2024-08-30,227.100250,410.652954,119.040367,178.500000,888.970825,214.020828,215.735626,66.262268,128.987762,549.280457
2024-09-03,220.921967,403.072632,107.701782,176.250000,831.454773,210.884201,211.417068,64.153992,126.299736,537.976685
2024-09-04,219.017883,402.541046,105.916718,173.330002,798.103699,209.851639,210.486191,63.349525,124.696205,536.875549
2024-09-05,220.535202,402.038971,106.913956,177.889999,782.485413,207.094925,208.854721,62.988914,121.322266,535.569824
2024-09-06,218.988129,395.453033,102.546059,171.389999,740.381165,205.857819,203.893219,61.870052,121.553993,526.556091
2024-09-09,219.077362,399.410522,106.176003,175.399994,737.460144,208.439194,208.067795,62.350868,122.267715,532.451538
2024-09-10,218.283997,407.758667,107.801491,179.550003,738.994324,208.380737,197.271439,60.936115,120.293419,534.770691
2024-09-11,220.812881,416.461121,116.587173,184.520004,786.950684,211.984924,198.874084,61.222767,125.345032,540.257019
2024-09-12,220.921967,420.359589,118.821175,187.000000,786.980103,215.287140,198.269485,61.934772,126.670486,544.807617
2024-09-13,220.654190,423.893768,118.781281,186.490005,802.903198,215.550171,196.081421,62.369370,126.985641,547.652954
2024-09-16,214.525452,424.632080,116.467499,184.889999,789.802795,217.810089,199.478699,62.933418,126.892952,548.461792
2024-09-17,214.991562,428.382843,115.280678,186.880005,792.409180,216.309967,200.812622,63.016640,122.351128,548.685974
2024-09-18,218.859207,424.110352,113.066620,186.429993,774.853394,216.134628,199.161987,63.035141,122.406754,547.058655
2024-09-19,226.971344,431.867767,117.554573,189.869995,814.508728,223.041031,201.993042,63.959816,125.020607,556.393921
2024-09-20,226.306885,428.501007,115.689575,191.600006,782.170776,222.885178,202.578445,63.543709,118.189346,555.432068
2024-09-23,224.591248,426.768341,115.948891,193.880005,790.255249,224.472977,202.914352,63.876595,114.657845,556.820007
2024-09-24,225.483749,422.495850,120.546555,193.960007,800.582153,224.950272,203.058289,64.181732,116.270653,558.413269
2024-09-25,224.492050,425.390106,123.179482,192.529999,804.693237,217.508102,201.714752,62.896435,117.670273,557.181641
2024-09-26,225.632538,424.602539,123.708054,191.160004,838.388367,222.203308,201.321274,60.418297,115.213989,559.390747
2024-09-27,225.900284,421.363708,121.075127,187.970001,827.668152,222.096161,202.012222,61.130306,111.932747,558.579529
2024-09-30,231.067062,423.608276,121.115028,186.330002,819.514832,223.167679,202.357712,60.982353,110.366280,560.817810
2024-10-01,224.333420,414.147736,116.686897,185.130005,808.794556,219.962860,198.691711,61.833061,109.383774,555.793701
2024-10-02,224.898682,410.643066,118.531944,184.759995,818.472351,218.813431,198.931656,62.711494,107.965614,556.028381
2024-10-03,223.797882,410.062286,122.521248,181.960007,818.688538,214.761124,196.954712,63.303280,106.667946,555.011780
2024-10-04,224.918503,409.589722,124.585709,186.509995,819.269043,215.160522,203.945358,63.349525,106.705032,560.055420
2024-10-07,219.850891,403.171112,127.378204,180.800003,803.778687,212.481735,203.665329,64.939980,109.161308,554.992188
2024-10-08,223.897064,408.260773,132.534378,182.720001,810.673096,220.761627,203.491547,63.127598,108.632980,560.241150
2024-10-09,227.635788,410.967926,132.295013,185.169998,831.956360,222.972839,206.069595,63.081367,108.447601,564.121521
2024-10-10,227.139923,409.373077,134.449234,186.649994,820.222961,218.949783,205.509567,63.654675,108.938858,563.134338
2024-10-11,225.662292,409.845703,134.439270,188.820007,826.832153,222.242249,214.634094,63.331036,111.265388,566.506470
2024-10-14,229.381195,412.621826,137.700531,187.539993,857.891663,225.797760,213.851990,63.229305,111.024391,571.139709
2024-10-15,231.910019,412.228058,131.247833,187.690002,718.389771,223.576797,214.730667,61.102570,109.198395,566.702026
2024-10-16,229.857193,409.648773,135.356827,186.889999,672.253052,223.498871,215.937622,61.620388,109.402298,569.165100
2024-10-17,230.224121,410.239502,136.563553,187.529999,689.051392,222.914398,216.690735,62.267643,109.578423,569.213989
2024-10-18,233.050476,411.657104,137.630707,188.990005,711.337952,224.472977,217.608017,61.990250,109.457916,571.403687
2024-10-21,234.518219,412.267456,143.325439,189.070007,702.328918,223.537811,215.319656,61.999500,108.753479,570.465210
2024-10-22,233.903366,420.861694,143.205750,189.699997,709.026733,226.304306,216.401077,61.962509,107.956337,570.162170
2024-10-23,228.845642,417.996887,139.186523,184.710007,696.939209,228.515518,215.715546,61.518669,107.279701,564.952393
2024-10-24,228.657272,418.124939,140.034256,186.380005,699.093140,232.129440,217.231461,61.407711,105.592735,566.174194
2024-10-25,229.490280,421.491669,141.161209,187.830002,699.968445,231.535233,214.653412,61.814560,105.092209,565.978760
2024-10-28,231.463745,419.955963,140.143967,188.389999,696.968750,234.058167,217.733536,61.065578,104.146767,567.728394
2024-10-29,231.731522,425.232574,140.871994,190.830002,704.984253,236.035599,215.223099,60.362820,103.794548,568.647095
2024-10-30,228.191147,425.803589,138.967102,192.729996,674.118958,231.204056,216.681076,60.640224,104.962440,566.926880
2024-10-31,224.035889,400.030731,132.404709,186.399994,662.999146,227.590118,214.276855,62.461845,103.766731,555.813293
2024-11-01,221.060791,403.988220,135.037659,197.929993,665.148132,227.073837,215.261719,62.406349,103.757469,558.159119
2024-11-04,220.168243,402.107910,135.685913,195.779999,661.628845,226.801086,212.210556,62.637524,101.699745,556.956970
2024-11-05,221.596298,405.061249,139.535599,199.500000,666.853638,229.791580,213.861649,63.081367,102.079773,563.691528
2024-11-06,220.872360,413.645599,145.220322,207.089996,652.037048,225.310715,238.550995,63.201580,97.658455,577.708008
2024-11-07,225.592865,418.813995,148.481583,210.050003,667.593018,233.970505,228.238846,63.441994,99.762527,582.174988
2024-11-08,225.324799,415.968994,147.234940,208.179993,659.962891,231.408615,228.818161,62.008743,99.363945,584.696777
2024-11-11,222.614487,411.509430,144.871292,206.839996,661.776672,229.752625,231.048599,61.805305,101.115799,585.253906
2024-11-12,222.614487,416.451324,147.893158,208.910004,659.677002,228.398621,231.309280,60.630978,99.234177,583.435791
2024-11-13,223.498077,418.587555,145.878586,214.100006,663.846863,224.044357,232.854202,60.547760,99.095146,583.719299
2024-11-14,226.575729,420.251343,146.367249,211.479996,683.119324,225.408112,233.539749,60.834404,97.621384,579.965942
2024-11-15,223.378937,408.546204,141.600067,202.610001,649.276794,222.398132,236.861282,61.178288,94.303055,572.537354
2024-11-18,226.377182,409.294373,139.774933,201.699997,655.783020,225.310715,236.590927,61.972565,92.514145,574.883301
2024-11-19,226.635315,411.292847,146.616592,204.610001,652.756592,227.161499,234.717728,61.495991,95.128006,576.984680
2024-11-20,227.350113,409.028564,145.499603,202.880005,649.079651,228.934372,232.487274,61.140903,97.575027,577.180176
2024-11-21,226.873581,407.262878,146.277481,198.380005,662.614624,229.918228,236.330215,61.925835,95.128006,580.278564
2024-11-22,228.213867,411.336792,141.570145,197.119995,663.324402,230.132523,239.989700,61.701576,97.380371,582.077148
2024-11-25,231.192215,413.102509,135.656021,201.449997,674.749756,227.755707,241.669754,60.785820,96.916931,584.051697
2024-11-26,233.366455,422.177582,136.553604,207.860001,662.427246,228.973343,241.360764,60.542862,98.372169,587.101257
2024-11-27,233.237366,417.245453,134.977814,205.740005,660.958374,226.012070,241.186966,60.655003,98.372169,585.322266
2024-11-29,235.620087,417.709045,137.880020,207.889999,676.859375,231.447571,241.119385,60.496140,98.993195,588.958435
2024-12-02,237.863800,425.126984,138.259033,210.710007,701.366333,235.334244,237.768906,60.122353,100.726501,590.013977
2024-12-03,240.901764,425.343964,139.884659,213.440002,707.862793,237.584442,236.388168,61.000736,101.217758,590.287720
2024-12-04,241.259186,431.479462,144.751587,218.160004,709.696411,247.042999,235.017044,60.000877,101.004570,593.953125
2024-12-05,241.288956,436.608887,144.681778,220.550003,701.395935,248.923019,237.025406,60.131699,100.865532,592.975586
2024-12-06,241.090363,437.545959,142.068604,227.029999,698.911743,247.559280,238.840668,59.103813,102.672997,594.099731
2024-12-09,244.972244,439.962708,138.448059,226.089996,696.486755,246.000702,235.412918,60.458759,102.960335,591.040405
2024-12-10,245.984863,437.309235,134.717834,225.039993,695.254517,244.822037,234.495667,60.159733,101.208488,589.202759
2024-12-11,244.714111,442.892303,138.946762,230.259995,704.284363,243.068649,235.142578,60.299896,103.525749,593.757751
2024-12-12,246.173523,443.454590,136.981918,228.970001,702.973206,247.062500,233.211456,59.804642,100.670891,590.698303
2024-12-13,246.342300,441.195679,133.899979,227.460007,708.375427,246.741043,231.676224,59.374798,99.132225,590.580933
2024-12-16,249.231323,445.457031,131.655823,232.929993,712.121521,246.409836,231.328613,58.075916,100.151825,593.102722
2024-12-17,251.653732,448.288055,130.050034,231.149994,724.749512,244.471375,230.150650,57.823620,100.114746,590.659119
2024-12-18,246.262878,431.449860,128.573898,220.520004,709.272461,238.120193,222.435806,56.655556,98.214592,573.055420
2024-12-19,247.990341,431.094788,130.339279,223.289993,700.173523,239.328079,224.936615,56.795727,95.878799,572.879517
2024-12-20,252.656479,430.670685,134.348770,224.919998,695.658630,241.480865,229.416840,56.664902,78.786720,579.760376
2024-12-23,253.430878,429.338928,139.305832,225.059998,710.800476,242.416000,230.179611,57.150818,82.225525,583.232056
2024-12-24,256.339783,433.363525,139.854416,229.050003,709.489319,247.072235,233.964584,57.412453,80.983475,589.714722
2024-12-26,257.153809,432.160126,139.565155,227.050003,705.694031,246.945587,234.765976,57.337700,81.243011,589.753967
2024-12-27,253.748535,424.683044,136.652756,223.750000,703.456299,243.672592,232.863861,57.646072,80.983475,583.545959
2024-12-30,250.382950,419.060455,137.131531,221.300003,686.263977,242.386780,231.077591,57.730175,79.463356,576.886658
2024-12-31,248.615784,415.775726,133.939850,219.389999,683.237549,239.834625,231.454132,58.543144,79.732155,574.788025
2025-01-02,242.093140,412.895355,137.949371,220.220001,690.473267,236.824631,231.734161,58.963638,81.122505,573.375671
2025-01-03,241.606659,417.600555,144.093323,224.190002,704.215332,235.149170,234.901199,60.290558,81.243011,580.544861
2025-01-06,243.234848,422.039429,149.040359,227.610001,757.596375,240.652878,233.755951,60.505486,78.814529,583.889099
2025-01-07,240.464951,416.633881,139.774597,222.110001,746.821594,243.049164,236.007599,61.608131,77.248062,577.288818
2025-01-08,240.951416,418.794189,139.744675,222.130005,733.414734,246.926117,235.968796,60.477444,79.379936,578.132263
2025-01-10,235.143570,413.260345,135.555649,218.940002,728.515320,245.016861,232.804794,60.683025,79.954613,569.305603
2025-01-13,232.711197,411.524261,132.882629,218.460007,717.080017,243.068649,237.016998,60.701717,78.434502,570.188232
2025-01-14,231.599274,410.024902,131.416458,217.759995,725.833862,246.935852,240.180954,61.589447,75.245949,570.972839
2025-01-15,236.156189,420.520386,135.884796,223.350006,715.985779,255.011200,244.917206,62.009941,76.858757,581.358887
2025-01-16,226.615448,418.813843,133.221741,220.660004,739.625305,254.806625,246.780685,62.094040,76.997795,580.240845
2025-01-17,228.323059,423.203430,137.350952,225.940002,745.589355,256.024261,251.526642,62.346344,72.937965,586.066467
2025-01-21,221.035934,422.680573,140.462814,230.710007,752.164612,262.316986,255.282623,62.393066,75.106918,591.430908
2025-01-22,222.217346,440.140259,146.686554,235.009995,755.822021,265.930939,255.098251,61.626820,74.680542,594.755737
2025-01-23,222.048599,440.643341,146.836151,235.419998,735.642578,268.239563,258.116638,62.290279,75.171799,598.001892
2025-01-24,221.174927,438.029297,142.248123,234.850006,721.851318,269.135742,257.039337,61.103523,81.539619,596.256165
2025-01-27,228.203918,428.658325,118.111237,235.419998,680.349121,268.463593,258.019592,60.869923,81.113251,587.821899
2025-01-28,236.543427,441.126709,128.653656,238.149994,673.645691,266.700500,259.271637,60.346630,78.962830,592.872681
2025-01-29,237.635468,436.322784,123.377472,237.070007,702.529663,269.661743,258.728058,60.533512,77.887611,590.214905
2025-01-30,235.878220,409.354095,124.324997,234.639999,726.523987,272.126221,260.329468,62.280933,79.101860,593.382629
2025-01-31,234.299683,409.423157,119.756935,237.679993,728.811035,268.911682,259.426880,61.533371,78.276917,590.224731
2025-02-03,226.367233,405.339417,116.355827,237.419998,720.678223,265.502319,258.951294,60.897945,76.608505,586.252747
2025-02-04,231.122726,406.769684,118.340637,242.059998,721.023071,270.908569,260.048065,62.262245,76.580688,590.185547
2025-02-05,230.795120,407.677185,124.504532,236.169998,732.044495,275.857086,262.464691,62.168797,79.463356,592.578430
2025-02-06,231.539703,410.172882,128.344482,238.830002,728.633667,275.896027,268.744110,61.823051,80.798096,594.638000
2025-02-07,225.990005,404.185272,129.501465,229.149994,717.365967,272.398987,267.676514,61.570747,80.102921,589.195007
2025-02-10,226.258316,406.621704,133.221741,233.139999,733.513367,273.470490,263.056763,61.795029,77.776390,593.196289
2025-02-11,231.197937,405.852356,132.453720,232.759995,743.856384,281.389984,266.890320,62.963078,77.618820,593.647461
2025-02-12,235.421967,403.484924,130.798080,228.929993,747.007874,283.435608,267.336853,62.383724,75.811363,591.735046
2025-02-13,240.053467,404.964569,134.937225,230.369995,767.575562,286.085175,268.181244,62.953739,73.067734,597.982300
2025-02-14,243.104721,402.883209,138.487976,228.679993,742.443787,283.162842,268.443268,63.403316,72.177910,597.952759
2025-02-18,242.975525,404.076782,139.036530,226.649994,735.202576,285.101318,271.704315,64.055000,76.311890,599.708435
2025-02-19,243.373062,409.137085,138.866974,226.630005,735.775635,281.000336,271.024902,63.847210,77.303673,601.120728
2025-02-20,244.327194,411.301697,139.744675,222.880005,734.086304,280.464600,258.941589,64.583908,77.618820,598.619812
2025-02-21,244.048920,403.473541,134.079483,216.580002,728.277588,275.662231,256.457001,62.997185,81.641571,588.380981
2025-02-24,245.589447,399.312439,129.940323,212.710007,727.042725,277.181824,253.642441,63.176628,83.968094,585.703613
2025-02-25,245.529770,393.283203,126.299820,212.800003,721.342651,279.509949,249.818481,63.186077,84.301781,582.790771
2025-02-26,238.890640,395.091980,130.937729,214.350006,737.879761,278.477417,251.167526,63.658325,83.004128,583.084961
2025-02-27,235.849365,387.975494,119.836723,208.740005,689.246338,267.489502,251.419846,63.535534,82.698242,573.777832
2025-02-28,240.361572,392.383728,124.594292,212.279999,700.488403,267.879120,256.854950,63.714985,84.023720,582.731873
2025-03-03,236.574890,383.982391,113.762611,205.020004,691.380066,273.382812,252.943649,62.770504,82.837280,572.522461
2025-03-04,234.487717,384.101013,115.687569,203.800003,699.638733,271.824249,242.879089,62.524940,81.103966,565.745605
2025-03-05,234.298889,396.367004,116.994164,208.360001,730.786743,279.305389,244.121384,62.430492,84.218361,571.826111
2025-03-06,233.891373,392.284882,110.281708,200.699997,706.178650,272.106750,239.278320,62.345486,81.604507,561.675598
2025-03-07,237.608521,388.746460,112.396187,199.250000,723.347961,269.632507,235.143829,63.082184,80.798096,564.823730
2025-03-10,226.089386,375.749054,106.701065,194.539993,674.833069,254.543625,225.380142,63.082184,73.178955,549.779358
2025-03-11,219.489975,376.035706,108.476425,196.589996,681.847046,253.920212,222.390869,63.101070,72.400360,545.209045
2025-03-12,215.653564,378.822937,115.448837,198.889999,694.847595,257.280853,221.187347,63.639423,69.323036,548.102295
2025-03-13,208.398178,374.375183,115.289261,193.889999,686.174072,248.582108,218.557205,63.979443,70.342628,540.795715
2025-03-14,212.184921,384.051575,121.363922,197.949997,705.348755,257.047058,225.593658,64.952255,71.510536,551.966370
2025-03-17,212.691772,384.189941,119.229317,195.740005,721.480957,262.570221,227.039749,66.208427,74.291237,556.222778
2025-03-18,211.389801,379.070068,115.139633,192.820007,722.251526,263.632019,228.049118,67.030136,75.060570,550.210815
2025-03-19,213.924194,383.320160,117.224350,195.539993,726.005310,264.411316,232.067200,67.549591,73.225304,556.203064
2025-03-20,212.791168,382.351532,118.231819,194.949997,725.165649,264.654846,231.970139,67.955719,73.030647,554.594727
2025-03-21,216.935684,386.720276,117.403908,196.210007,707.541809,265.473114,234.512985,67.067924,71.241730,554.777649
2025-03-24,219.380646,388.519135,121.104584,203.259995,719.021118,268.599976,240.753571,67.322929,69.823570,564.712891
2025-03-25,222.382172,390.574982,120.386391,205.710007,717.934387,272.973724,243.733139,68.031288,68.220024,566.070312
2025-03-26,220.175735,385.445221,113.473824,201.130005,697.208618,261.060394,243.636108,68.975777,66.486725,559.312500
2025-03-27,222.481567,386.048157,111.149681,201.360001,682.262024,261.206512,240.811813,69.221336,65.031487,557.827087
2025-03-28,216.567917,374.404816,109.394112,192.720001,666.406433,261.060394,235.697052,68.692436,64.234352,546.593384
2025-03-31,220.772095,371.034424,108.107353,190.259995,654.601135,261.488983,238.074890,69.211899,65.401291,550.262573
2025-04-01,221.825607,377.755493,109.872902,192.169998,659.254150,263.339813,236.483170,68.994675,64.073296,551.816772
2025-04-02,222.521332,377.706055,110.142220,196.009995,660.903931,264.391846,238.579575,68.682983,64.271080,555.308838
2025-04-03,201.947891,368.780792,101.543915,178.410004,615.668762,257.495148,221.954102,65.896736,63.197380,527.942688
2025-04-04,187.228409,355.664795,94.072769,171.000000,598.212769,242.065323,205.343414,60.569851,58.912018,497.035461
2025-04-07,180.350708,353.707794,97.394371,175.259995,608.378174,235.285538,209.405777,58.860332,59.938622,496.150146
2025-04-08,171.365967,350.446045,96.057755,170.660004,588.156128,231.379379,211.778717,56.433006,58.017269,488.379028
2025-04-09,197.634399,385.959167,114.042397,191.100006,678.932861,252.887619,228.838593,60.343174,61.304287,539.668213
2025-04-10,189.255920,376.925262,107.299400,181.220001,641.679688,251.796631,221.778336,56.461338,57.649952,516.020569
2025-04-11,196.938660,383.942871,110.650948,184.869995,660.706360,252.439545,230.654922,58.643101,60.965225,525.227783
2025-04-14,201.281967,383.310272,110.431503,182.119995,664.717163,252.809723,229.209656,59.068123,62.217869,530.323242
2025-04-15,200.904282,381.254425,111.917747,179.589996,674.882507,255.176788,227.657013,59.294796,60.739182,528.837891
2025-04-16,193.082397,367.298248,104.227142,174.330002,627.236877,253.735138,224.219650,60.475399,59.222824,517.082886
2025-04-17,195.775818,363.512665,101.234695,172.610001,632.403503,250.734863,226.514481,61.429337,54.702000,517.820618
2025-04-21,191.979156,354.953186,96.666214,167.320007,617.120972,244.052490,223.614197,61.060986,54.937454,505.495117
2025-04-22,198.518951,362.563812,98.641228,173.179993,630.951233,245.864334,230.059250,61.552116,56.425564,518.646973
2025-04-23,203.349258,370.046021,102.451614,180.600006,650.007507,264.450287,235.225067,60.928761,57.734715,526.683594
2025-04-24,207.096191,382.806152,106.162262,186.539993,666.821289,266.466675,238.896790,61.438786,58.987362,537.769775
2025-04-25,208.000656,387.303406,110.730736,188.990005,669.063843,270.752747,237.832382,62.203815,58.469349,541.655273
2025-04-28,208.855362,386.621399,108.456482,187.699997,666.666748,277.961121,237.510132,62.354927,58.977943,541.861938
2025-04-29,209.918839,389.467987,108.745743,187.389999,660.076904,284.974670,238.877258,61.873245,61.370216,545.275208
2025-04-30,211.200958,390.673828,108.645996,184.419998,662.029114,284.624023,238.877258,60.900425,62.585182,545.491699
2025-05-01,212.015945,420.464142,111.329239,190.199997,660.681396,281.448425,241.093964,61.202660,61.784626,549.357544
2025-05-02,204.094666,430.229523,114.211960,189.979996,684.077637,293.907257,246.582031,62.940517,65.203506,557.512268
2025-05-05,197.674149,431.109161,113.533676,186.350006,677.170715,294.793701,246.630859,61.504890,65.099899,554.315369
2025-05-06,197.296448,428.282349,113.254379,185.009995,673.831177,289.971832,243.398560,61.486004,62.434494,549.682129
2025-05-07,195.050293,428.321899,116.765526,188.710007,694.046448,289.630920,243.535278,61.438786,63.621216,551.993835
2025-05-08,196.282715,433.085938,117.074745,192.080002,701.617310,286.708588,247.519501,61.467113,61.078243,555.840088
2025-05-09,197.316360,433.639465,116.356560,193.059998,699.813782,286.357910,247.138672,62.477718,61.944733,555.131775
2025-05-12,209.776123,444.047302,122.690575,208.639999,743.405273,285.909821,253.945038,62.694939,63.800159,573.477417
2025-05-13,211.905853,443.928711,129.603134,211.369995,756.981262,284.779480,256.835571,63.856655,61.596260,577.264709
2025-05-14,211.308731,447.684540,134.999542,210.250000,761.945862,283.531158,259.403809,63.365532,60.663837,578.002441
2025-05-15,210.432968,448.694611,134.490829,205.169998,751.491394,289.320526,261.210358,63.648865,62.302635,580.825623
2025-05-16,210.243881,449.823456,135.059387,205.589996,741.324280,291.345337,261.278748,63.597324,60.626167,584.504578
2025-05-19,207.775803,454.378387,135.228958,206.160004,742.344971,293.635529,258.661652,63.645054,63.122032,585.143921
2025-05-20,205.865036,453.685272,134.041977,204.070007,741.978455,294.156464,259.442841,63.597324,64.233406,583.176514
2025-05-21,201.117981,448.140106,131.468460,201.119995,730.493408,293.311157,254.911774,63.349121,64.233406,573.349548
2025-05-22,200.391495,450.407623,132.495850,203.100006,733.991333,294.716736,254.550491,62.957718,64.205147,573.575867
2025-05-23,194.330780,445.773438,130.959717,200.990005,725.855774,289.831635,254.589539,63.291840,63.432842,569.660706
2025-05-27,199.247040,456.180634,135.159134,206.020004,749.935608,296.682556,259.062012,63.664154,66.343124,581.504395
2025-05-28,199.456024,452.883209,134.470871,204.720001,739.748779,292.976990,257.304260,63.043644,64.610138,578.140137
2025-05-29,198.988251,454.190277,138.839844,205.699997,740.303711,291.856445,258.163605,63.425488,65.420120,580.422241
2025-05-30,199.883957,455.853790,134.790100,205.009995,730.096985,297.685120,257.802307,63.215477,67.341476,579.773010
2025-06-02,200.729843,457.448090,137.034409,206.649994,739.768616,299.454376,258.446808,64.389671,68.594124,583.038879
2025-06-03,202.292313,458.438293,140.864746,205.710007,740.482056,301.154816,260.018982,64.752426,66.785789,586.363647
2025-06-04,201.844467,459.329468,141.562988,207.229996,736.052612,304.034760,258.017151,64.217827,67.850067,586.206299
2025-06-05,199.665009,463.102203,139.637848,207.910004,740.987488,303.818512,255.800430,64.466042,68.424591,583.373230
2025-06-06,202.939178,465.775757,141.363510,213.570007,746.199768,304.506531,259.491699,64.933800,70.289421,589.363953
2025-06-09,200.481049,468.122559,142.271194,216.979996,763.224243,300.201385,260.477936,65.162926,71.071152,589.895081
2025-06-10,201.695175,466.310486,143.597855,217.610001,777.860413,299.208649,262.294312,66.871696,74.716072,593.239624
2025-06-11,197.823898,467.993835,142.480591,213.199997,776.988464,294.097473,261.854889,67.797691,74.150970,591.547729
2025-06-12,198.241882,474.182648,144.645279,213.240005,779.089233,296.584259,261.942780,68.198631,76.336037,593.898682
2025-06-13,195.505112,470.310913,141.622711,212.100006,754.107605,288.347443,258.729980,69.248718,75.186989,587.258911
2025-06-16,197.465652,474.450012,144.336044,216.100006,768.208679,290.785065,264.012970,68.189087,72.540413,592.846191
2025-06-17,194.699005,473.360809,143.767441,214.820007,752.977905,287.639771,263.192657,69.048256,70.016296,587.780212
2025-06-18,195.634476,475.539246,145.124115,212.520004,754.741699,284.858093,267.528473,68.733215,69.705498,587.691650
2025-06-20,200.033218,472.727020,143.498108,209.690002,749.678101,282.676025,268.544067,69.115074,69.479439,586.311523
2025-06-23,200.530807,481.242859,143.817322,208.470001,772.657959,285.831177,271.737305,67.625854,65.665001,592.102661
2025-06-24,199.336594,485.312622,147.538193,212.770004,805.993286,292.003876,274.657104,66.957619,66.616264,598.643860
2025-06-25,200.590530,487.451477,153.932510,211.990005,807.856201,288.278656,277.391327,66.289375,63.432842,598.979248
2025-06-26,200.033218,492.580780,154.640762,217.119995,790.861633,290.500031,281.971222,67.769043,63.762486,603.665649
2025-06-27,200.112839,491.085571,157.364090,223.300003,788.741028,295.945374,280.369751,67.759506,64.525383,606.664795
2025-06-30,204.183151,492.541168,157.603516,219.389999,794.131714,298.903931,283.104034,67.215363,65.005714,609.565369
2025-07-01,206.820435,487.233612,152.924988,220.460007,783.310547,295.542358,283.592285,67.959984,65.759178,609.368103
2025-07-02,211.418198,486.283020,156.865311,219.919998,792.348022,293.065430,285.144958,69.000526,65.759178,612.130554
2025-07-03,212.522858,493.957184,158.950195,223.410004,787.304138,298.530426,290.443604,68.656860,65.146988,616.955078
2025-07-07,208.940170,492.848114,157.852905,223.470001,777.979370,300.309509,286.489258,66.652122,65.288269,612.357422
2025-07-08,208.999893,491.758911,159.608582,219.360001,786.907776,303.484314,277.471741,68.026802,65.589653,612.022034
2025-07-09,210.124435,498.581482,162.481552,222.539993,792.585876,306.600128,277.844635,68.475479,65.636742,615.692078
2025-07-10,211.388351,496.571350,163.698563,222.259995,794.825317,300.977875,282.780243,69.019623,66.879974,617.428467
2025-07-11,210.144348,498.393280,164.516556,225.020004,794.666870,295.709473,281.475128,69.019623,64.920944,615.258057
2025-07-14,207.616547,498.096252,163.668625,225.690002,799.423401,295.503082,283.280640,67.874054,64.930367,616.432068
2025-07-15,208.104218,500.868866,170.282410,226.350006,815.565796,296.426971,281.171021,67.205818,63.310406,613.797852
2025-07-16,209.149170,500.670807,170.950760,223.190002,747.616882,300.791107,280.454681,67.463562,63.140877,615.849976
2025-07-17,209.009827,506.691284,172.576797,223.880005,738.163208,303.336853,284.458130,67.148537,61.492653,619.618713
2025-07-18,210.164246,505.057434,171.988235,226.130005,727.926758,300.741974,285.802338,67.091255,60.569649,619.164978
2025-07-21,211.458008,505.067352,170.960739,229.300003,713.161804,302.019775,285.508026,67.129448,61.144173,620.338989
2025-07-22,213.368774,500.324219,166.621384,227.470001,699.090271,301.056519,285.959381,67.921791,62.895988,620.427734
2025-07-23,213.119965,500.918365,170.362213,228.289993,710.436646,285.664093,291.189362,69.458740,65.956970,625.706055
2025-07-24,212.731857,505.879364,173.314972,232.229996,718.512878,281.270477,290.983246,69.095970,66.616264,625.913208
2025-07-25,212.851257,508.681671,173.075562,231.440002,704.808167,283.108521,293.014435,68.723671,67.529831,628.557190
2025-07-28,213.020477,507.483459,176.317612,232.789993,723.378357,277.555054,292.680786,68.933693,64.986877,628.399475
2025-07-29,210.253845,507.552795,175.080643,231.009995,713.788513,282.626892,291.464111,69.792862,50.802784,626.741943
2025-07-30,208.044495,508.216217,178.831451,230.190002,716.729248,285.536316,294.005493,68.465927,47.120190,625.952698
2025-07-31,206.571625,528.277954,177.434875,234.110001,690.164185,281.801270,290.679077,68.933693,44.332348,623.604553
2025-08-01,201.406586,518.979736,173.295029,214.750000,685.306152,278.164459,283.938049,68.733215,45.387211,613.383484
2025-08-04,202.371933,530.396912,179.559647,211.649994,694.783691,278.940979,288.736237,68.590034,45.971153,622.706726
2025-08-05,201.943985,522.584229,177.823898,213.750000,685.117310,280.317047,285.900513,69.115074,44.473629,619.549683
2025-08-06,212.224304,519.801758,178.981079,222.309998,686.438721,286.794434,285.880890,68.962334,42.740646,624.295227
2025-08-07,218.971695,515.741821,180.327789,223.130005,708.453674,290.411560,281.553680,68.131813,45.924057,623.772339
2025-08-08,228.246857,516.930054,182.253052,222.690002,717.593445,287.128632,283.339508,68.399101,48.109127,628.636230
2025-08-11,226.343887,516.662781,181.614624,221.300003,716.590149,282.332001,284.124481,68.169998,46.969498,627.393066
2025-08-12,228.804794,524.059570,182.711945,221.470001,736.936096,271.175964,287.352722,68.971886,46.884731,634.072266
2025-08-13,232.471252,515.484375,181.145767,224.559998,750.625916,274.055908,285.076294,69.449203,47.939598,636.242859
2025-08-14,231.923279,517.365784,181.574722,230.979996,750.268311,274.144348,288.638153,69.344193,47.986687,636.302063
2025-08-15,230.737640,515.078308,180.008545,231.029999,737.303650,273.102478,285.037018,69.272842,49.361771,634.812256
2025-08-18,230.040237,512.038391,181.564743,231.490005,742.658325,271.991760,286.057465,68.945038,51.194286,634.674194
2025-08-19,229.711441,504.780212,175.210327,228.009995,738.744080,269.544342,285.203857,68.887184,52.175312,631.230896
2025-08-20,225.178177,500.769836,174.970901,223.809998,744.585632,267.873352,286.754181,69.504219,51.718136,629.553711
2025-08-21,224.072266,500.125122,174.551941,221.949997,730.587952,264.610077,285.998627,69.889877,52.813454,627.028076
2025-08-22,226.921738,503.090729,177.554581,228.839996,749.950378,266.477600,290.679077,70.690109,54.270706,636.657166
2025-08-25,226.323959,500.144989,179.370132,227.940002,749.523193,265.642151,289.364258,71.172180,53.661140,633.855225
2025-08-26,228.466049,497.943085,181.325333,228.710007,758.205994,265.248962,292.965363,71.017921,52.708687,636.509216
2025-08-27,229.641708,502.604706,181.155731,229.119995,764.961487,270.409271,293.661987,71.066116,53.756382,637.959473
2025-08-28,231.704102,505.481049,179.729233,231.600006,758.464355,270.694336,295.418457,71.278229,53.442078,640.218811
2025-08-29,231.285629,502.555115,173.753891,229.000000,737.760620,267.509705,295.761871,71.230019,53.775433,636.400635
2025-09-02,228.874557,500.997955,170.362213,225.339996,721.100403,261.651550,294.074158,71.143257,53.699238,631.684753
2025-09-03,237.592331,501.226105,170.202591,225.990005,731.998657,266.310547,293.887695,70.130920,54.042122,635.108215
2025-09-04,238.897507,503.824707,171.240067,235.679993,748.499878,267.342590,298.116821,69.716339,53.470646,640.416199
2025-09-05,238.807861,490.960541,166.611404,232.330002,776.584900,264.403687,288.854004,69.031807,52.603916,638.561218
2025-09-08,237.004517,494.134430,167.898239,235.839996,791.039734,265.710938,287.411591,69.137856,51.699085,640.130066
2025-09-09,233.487518,494.342712,170.342255,238.240005,799.861633,266.841309,292.258881,69.340340,51.718136,641.609863
2025-09-10,225.955322,496.286713,176.896210,230.330002,787.950073,256.058746,294.898407,70.044144,51.784805,643.464661
2025-09-11,229.183395,496.921509,176.746536,229.949997,798.898010,253.778397,299.824158,69.436737,51.718136,648.811951
2025-09-12,233.208542,505.738953,177.395020,228.149994,808.544373,252.765991,301.148804,68.781128,52.261032,648.594849
2025-09-15,235.828842,511.154358,177.325165,231.429993,861.624817,248.106979,303.101410,69.099289,52.975372,652.048035
2025-09-16,237.273514,504.885986,174.462036,234.050003,872.672058,249.266815,303.385986,69.735626,54.480247,651.150269
2025-09-17,238.110428,505.857941,169.882965,231.619995,866.562317,256.953217,305.897919,68.848625,55.432701,650.341248
2025-09-18,237.004517,504.300781,175.818771,231.229996,921.728943,265.131042,307.350189,68.877548,58.909145,653.379883
2025-09-19,244.596466,513.703369,176.247742,231.479996,926.050476,262.349396,308.871033,68.250862,58.480545,656.616028
2025-09-22,255.137512,510.251831,183.171158,227.630005,951.532593,260.845551,306.575012,68.501534,57.823349,659.722473
2025-09-23,253.493607,505.074432,178.003540,220.710007,957.205200,260.737396,306.869354,68.973953,56.708984,656.131287
2025-09-24,251.381393,505.986908,176.547028,220.210007,940.743713,264.256256,307.536621,69.533157,55.947025,654.043701
2025-09-25,255.924622,502.892334,177.265289,218.149994,943.336609,258.024597,307.566040,70.275528,53.375404,651.026306
2025-09-26,254.519806,507.286194,177.764114,219.779999,945.293701,259.567749,310.127045,70.767242,52.965851,654.756104
2025-09-29,253.493607,510.400543,181.415359,222.169998,956.311096,259.312195,309.763977,69.851311,52.861080,656.596252
2025-09-30,253.692886,513.723267,186.134064,219.570007,961.755371,262.644257,309.508850,68.964317,52.851555,659.069519
2025-10-01,254.509842,515.468933,186.792496,220.630005,996.705078,265.376770,304.877472,69.832031,56.356575,661.315369
2025-10-02,256.183655,511.531311,188.438553,222.410004,1023.429077,267.263977,301.776764,69.195702,55.947025,662.076965
2025-10-03,257.070374,513.128113,187.171570,219.509995,1025.465454,265.907532,304.210236,70.584053,56.794704,662.067261
2025-10-06,255.745270,524.256592,185.096527,220.899994,1036.473145,269.593475,304.851105,71.606033,56.813755,664.441589
2025-10-07,255.536072,519.703979,184.597733,221.779999,995.741333,269.141327,303.381989,72.223091,56.213707,661.978149
2025-10-08,257.110260,520.566956,188.658020,225.220001,981.346252,272.414429,299.773224,71.461418,56.775658,665.925537
2025-10-09,253.105026,518.136963,192.109756,227.740005,974.123779,271.077667,301.252228,70.892570,55.889877,663.996338
2025-10-10,244.367325,506.790283,182.722244,216.369995,930.064026,260.992981,296.677246,68.858269,54.223083,646.049988
2025-10-13,246.748520,509.855011,187.869919,220.070007,978.216858,265.209686,303.658081,69.504219,54.765984,655.963013
2025-10-14,246.858109,509.378998,179.599716,216.389999,976.746521,265.897705,297.850525,69.080009,53.965923,655.161621
2025-10-15,248.422333,509.240112,179.400192,215.570007,1003.202209,266.998596,301.409973,69.301765,54.023067,658.070312
2025-10-16,246.539276,507.434967,181.375443,214.470001,1012.918335,265.131042,294.360107,68.810059,53.423023,653.588684
2025-10-17,251.361465,509.388947,182.782089,213.039993,1022.535034,268.237030,293.393829,69.986282,51.784805,657.298645
2025-10-20,261.274841,512.572632,182.203476,216.479996,1035.330688,273.161438,298.126587,70.208046,53.089668,664.134888
2025-10-21,261.802887,513.435669,180.727020,222.029999,1018.312805,275.667847,292.930389,70.063423,52.175312,664.124939
2025-10-22,257.498810,516.292114,179.849106,217.949997,1004.950745,271.500305,289.992126,71.866356,50.841885,660.672241
2025-10-23,258.624603,516.311890,181.724625,221.089996,1029.628296,273.770844,290.416107,73.004036,50.699013,664.589966
2025-10-24,261.852722,519.337097,185.814804,224.210007,1026.339966,264.944275,296.233490,73.119720,50.441853,670.021362
2025-10-27,267.820648,527.182617,191.032318,226.970001,1053.044067,267.509705,299.891571,72.801559,50.375179,677.926086
2025-10-28,268.009949,537.646423,200.549530,229.250000,1045.593018,265.445557,301.084595,72.377342,49.575119,679.726624
2025-10-29,268.707397,537.130676,206.545135,230.300003,1065.720337,255.203629,301.232513,72.840126,48.927452,680.053162
2025-10-30,270.401123,521.469543,202.405075,222.860001,1070.308350,254.761307,305.107483,72.049545,47.660694,672.573792
2025-10-31,269.374939,513.584351,202.006042,244.220001,1054.165894,255.567307,306.763947,72.232719,47.108269,674.780029
2025-11-03,268.059784,512.810791,206.385544,254.000000,1061.719604,259.449799,305.018738,71.721733,46.774910,676.046387
2025-11-04,269.046143,510.132812,198.215118,249.320007,1025.214966,255.203629,304.920135,71.095047,45.955803,668.032837
2025-11-05,269.145813,503.021271,194.743439,250.199997,1038.759888,256.599335,307.316101,71.933838,46.155815,670.347839
2025-11-06,268.777130,493.043427,187.630478,243.039993,1024.279419,249.542038,309.031769,71.557831,44.298534,663.155457
2025-11-07,267.481934,492.765686,187.700287,244.410004,1012.097961,247.654846,309.810669,72.878685,43.507999,663.808350
2025-11-10,268.698578,501.870758,198.574280,248.399994,1033.823608,247.458252,312.453186,73.813896,43.755638,674.166687
2025-11-11,274.502808,504.528900,192.698334,249.100006,1017.531860,250.033493,311.200958,74.247765,46.813007,675.709961
2025-11-12,272.727661,506.968842,193.336807,244.199997,1032.370483,249.011261,315.923889,73.669281,47.870228,676.085938
2025-11-13,272.209076,499.182861,186.413406,237.580002,1014.984070,247.556549,305.146942,73.196846,46.822536,664.866943
2025-11-14,271.670532,506.016632,189.715469,234.690002,1002.165588,240.843246,299.359100,73.738022,45.965324,664.758179
2025-11-17,266.733978,503.348602,186.154022,232.869995,1015.123413,234.817978,296.164459,73.387634,46.155815,658.564941
2025-11-18,266.713989,489.760437,180.926529,222.550003,999.259583,233.923538,295.217896,73.300026,45.289085,653.034668
2025-11-19,267.830994,483.144836,186.074203,222.690002,1034.360962,233.903885,299.023865,71.703796,46.670143,655.557495
2025-11-20,265.527252,475.413879,180.208267,217.139999,976.349609,229.942749,294.202332,71.256073,45.336708,645.565247
2025-11-21,270.752991,469.143646,178.452469,220.690002,961.948853,232.655579,293.847351,71.314468,45.365284,651.995850
2025-11-24,275.171021,471.011810,182.113693,226.279999,983.097290,234.218414,293.827667,71.275551,42.831764,661.592285
2025-11-25,276.218170,473.982971,177.395020,229.669998,998.423584,233.795761,298.757660,70.857025,44.822388,667.815125
2025-11-26,276.796570,482.439331,179.829163,229.160004,1035.993164,235.918854,303.332703,71.450745,46.393929,672.425476
2025-11-28,278.093048,488.908295,176.576965,233.220001,1054.932251,237.619293,308.696503,71.801125,47.003498,676.095825
2025-12-01,282.331512,483.671509,179.489960,233.880005,1082.788330,237.943665,304.594788,72.326714,46.127247,673.009155
2025-12-02,285.413116,486.910950,181.026306,234.419998,1103.478882,237.589813,303.569336,71.986061,45.174793,674.255676
2025-12-03,283.378632,474.718323,179.160782,232.380005,1135.465332,239.653931,307.759857,73.115097,45.308132,676.590515
2025-12-04,279.938019,477.808716,182.951889,229.110001,1104.772705,241.275726,311.674225,72.511650,45.708164,677.085144
2025-12-05,278.023224,480.114105,181.984146,229.529999,1094.213501,243.035141,310.629059,71.061417,45.584347,678.371338
2025-12-08,277.135681,487.924500,185.116821,226.889999,1114.336670,238.828278,310.796692,70.759682,44.546173,676.333313
2025-12-09,276.427582,488.918182,184.538177,227.919998,1106.126099,239.958633,296.302551,70.613693,44.155670,675.749451
2025-12-10,278.023224,475.543060,183.350967,231.779999,1113.968506,241.678726,305.768097,70.934875,46.717766,680.231262
2025-12-11,277.275269,480.422150,180.507614,230.279999,1117.471680,243.162918,312.936310,70.915413,47.898804,681.814087
2025-12-12,277.524597,475.513275,174.611420,226.190002,1075.682617,240.646667,314.060333,70.399567,47.794033,674.483215
2025-12-15,273.365875,471.826630,175.878433,222.539993,1082.619141,240.312485,315.539337,70.302238,47.974998,673.464233
2025-12-16,273.864532,473.386780,177.305099,222.559998,1070.905396,239.496658,311.131927,68.579468,46.632042,671.624084
2025-12-17,271.102081,473.118439,170.540939,221.270004,1010.575317,237.294937,310.569916,69.640373,45.498627,664.233765
2025-12-18,271.451111,480.928925,173.733459,226.759995,1031.355469,240.135544,308.617645,69.406784,45.346233,669.249695
2025-12-19,272.927155,482.856689,180.567474,227.350006,1050.971191,240.155212,312.768677,70.097832,45.803410,675.315369
2025-12-22,270.234436,481.862976,183.261169,228.429993,1051.926636,241.108643,318.566345,70.642891,45.812931,679.522522
2025-12-23,271.620667,483.780792,188.768280,232.139999,1056.763306,240.774460,321.366577,71.119812,49.156040,682.628235
2025-12-24,273.066711,484.943390,188.169678,232.380005,1060.425903,241.403519,324.561249,70.895943,50.060871,685.029480
2025-12-26,272.657837,484.635376,190.085205,232.520004,1067.621216,242.347107,323.318909,70.866737,49.908478,684.959961
2025-12-29,273.016876,484.029236,187.780594,232.070007,1060.903442,241.835983,319.217133,71.168480,49.022701,682.519043
2025-12-30,272.338684,484.406860,187.102173,232.529999,1067.014282,240.410767,318.891754,71.859528,48.784584,681.685608
2025-12-31,271.122009,480.571136,186.064606,230.820007,1064.745117,238.759476,317.708557,71.518867,48.460751,676.635010
2026-01-02,270.274353,469.958496,188.409134,226.500000,1158.216064,232.871826,320.922913,73.426559,49.898952,677.875366
2026-01-05,266.534546,469.869049,187.680817,233.059998,1222.318115,236.331680,329.363037,73.027489,52.489624,682.390076
2026-01-06,261.647797,475.493378,186.802887,240.929993,1236.251221,233.913712,331.413269,70.954346,53.584942,686.448364
2026-01-07,259.623322,480.422150,188.668518,241.559998,1222.596802,239.270584,323.866058,69.630638,53.880203,684.235657
2026-01-08,258.336823,475.095917,184.608017,246.289993,1188.609863,236.911591,326.639343,68.433472,54.613590,684.166199
2026-01-09,258.665924,476.258545,184.428436,247.380005,1267.789673,242.887711,326.045074,68.939598,56.013695,688.690857
2026-01-12,259.543518,474.171753,184.508255,246.470001,1275.104492,244.588150,321.389984,69.747444,57.013767,689.772339
2026-01-13,260.341370,467.702850,185.376205,242.600006,1264.087524,242.877884,307.929810,71.226883,56.804230,688.393250
2026-01-14,259.254303,456.484009,182.712448,236.649994,1257.678101,234.798340,304.928741,72.365646,56.108940,685.009583
2026-01-15,257.509064,453.781128,186.613327,238.179993,1325.233765,231.810272,306.305481,71.460464,54.404049,686.875061
2026-01-16,254.836349,456.960938,185.795242,239.119995,1352.074707,229.598724,309.484802,72.268318,59.366329,686.299500
2026-01-20,246.030319,451.654602,177.654297,231.000000,1319.729980,223.042694,299.847748,71.158745,57.794781,672.328674
2026-01-21,246.977737,441.310242,182.892044,231.309998,1353.587402,221.253799,299.154480,71.840050,56.499443,680.088013
2026-01-22,247.675842,448.295929,184.408478,234.339996,1388.330688,222.482437,300.729248,70.487160,59.271080,683.640320
2026-01-23,247.366669,463.012573,187.231873,239.160004,1382.399170,227.121780,294.875732,71.781662,59.299652,683.888306
2026-01-26,254.716690,467.315277,186.034683,238.419998,1406.592896,235.820557,298.164032,71.295006,60.937870,687.361206
2026-01-27,257.568909,477.550323,188.079895,244.679993,1447.635498,229.942749,297.440979,73.436287,59.899696,690.099854
2026-01-28,255.743866,478.593719,191.072891,243.009995,1416.117065,232.075668,297.896545,73.767220,57.461422,690.030334
2026-01-29,257.578888,430.767120,192.060577,241.729996,1448.202881,196.789078,303.492615,75.402374,56.508968,688.661072
2026-01-30,258.775665,427.577393,190.683807,239.300003,1416.196655,197.604889,302.967682,74.974121,56.604214,686.607117
2026-02-02,269.277069,420.700989,185.176682,242.960007,1434.498901,203.689117,305.196167,73.708824,56.127987,690.020447
2026-02-03,268.748505,408.617676,179.918991,238.619995,1389.206421,193.918961,311.842072,75.558105,47.908325,684.186035
2026-02-04,275.739410,411.578857,173.783356,232.990005,1332.727661,196.268127,314.238953,76.687157,44.946201,680.871948
2026-02-05,275.161011,391.188232,171.478745,222.690002,1343.704956,194.036926,307.196869,72.638176,41.279263,672.368347
2026-02-06,277.365021,398.611145,184.977158,210.320007,1406.254517,199.865585,319.319946,73.280563,45.374805,685.267578
2026-02-09,274.130798,410.992615,189.596329,208.720001,1422.655518,206.814789,319.022827,75.723572,47.022549,688.571777
2026-02-10,273.192444,410.664673,188.099838,206.960007,1408.717163,208.584045,315.239288,75.820908,46.784435,686.755981
2026-02-11,275.009216,401.820770,189.606323,204.080002,1430.650879,199.187378,307.850555,78.088715,46.422508,686.597229
2026-02-12,261.263794,399.306732,186.503586,199.600006,1401.990601,200.258759,299.748749,76.132362,46.603470,675.990112
2026-02-13,255.324356,398.790039,182.383209,198.789993,1401.731567,201.035263,299.659576,76.667679,47.213036,676.466309
2026-02-17,263.409943,394.358093,184.538177,201.149994,1414.855835,198.027542,304.195831,75.859840,47.022549,677.557800
2026-02-18,263.879120,397.080872,187.541138,204.789993,1463.625977,201.693802,305.830048,77.738319,46.889206,680.971130
2026-02-19,260.115784,396.851776,187.461334,204.860001,1453.870117,196.838211,305.106995,78.234711,46.146294,679.175171
2026-02-20,264.108673,395.626740,189.376862,210.110001,1464.493042,199.128403,307.820862,78.376175,45.165264,684.086792
2026-02-23,265.705811,382.918243,191.102814,205.270004,1480.836182,193.348892,294.826202,78.562836,37.745670,677.101379
2026-02-24,271.655243,387.429932,192.399796,208.559998,1492.605347,193.103149,294.459717,79.358582,36.755119,682.022888
2026-02-25,273.741516,398.983124,195.103455,210.639999,1521.215698,194.862564,300.402405,80.832184,36.345562,687.778076
2026-02-26,272.463776,400.098602,184.458374,207.919998,1458.723145,201.182693,303.205383,79.751541,35.831238,683.957825
2026-02-27,263.709381,391.154846,176.776352,210.000000,1445.529175,198.086517,297.431061,82.040543,35.669323,680.673462
2026-03-02,264.248413,396.941376,182.053986,208.389999,1418.602783,192.660828,294.717255,82.738052,35.964581,681.060486
2026-03-03,263.280182,402.299683,179.629669,208.729996,1356.219849,192.975372,297.391449,80.881310,34.916885,675.057373
2026-03-04,262.052338,403.564575,182.612671,216.820007,1394.516602,192.238190,296.529785,81.244789,36.669395,679.820068
2026-03-05,259.826324,409.022430,182.911972,218.940002,1363.614136,196.071548,290.745544,81.480568,37.212296,676.029724
2026-03-06,257.001343,407.309387,177.404892,213.210007,1288.316284,198.794220,286.714447,83.209595,36.745594,667.168884
2026-03-09,259.417053,407.757568,182.223602,213.490005,1352.712158,196.680954,287.150269,84.083939,37.888535,673.013367
2026-03-10,260.365356,404.122314,184.338654,214.330002,1378.602051,192.483917,285.971619,83.612389,36.878937,671.931702
2026-03-11,260.345367,403.245850,185.605743,212.649994,1381.870605,187.952682,284.773132,85.862091,36.983707,671.088379
2026-03-12,255.304382,400.238007,182.722336,209.529999,1346.892334,187.244980,280.187408,86.805199,36.212223,660.897888
2026-03-13,249.674438,393.953491,179.838943,207.669998,1341.022705,186.694565,280.732147,87.856377,36.155071,657.157166
2026-03-16,252.369644,398.335754,182.802155,211.740005,1370.789185,188.355682,283.426147,88.887901,36.745594,663.844971
2026-03-17,253.777115,397.797943,181.515106,215.199997,1384.342041,186.871475,284.149200,90.351677,36.602722,665.591248
2026-03-18,249.494766,390.208679,179.988586,209.869995,1350.469971,180.600494,284.991058,91.117950,35.669323,656.303833
2026-03-19,248.516525,387.449860,178.152771,208.759995,1361.651001,181.848785,285.218842,89.585403,35.316917,654.686462
2026-03-20,247.548233,380.328705,172.306152,205.369995,1312.681396,172.796158,283.822357,88.848602,34.793064,645.300964
2026-03-23,251.042007,381.454193,175.239441,210.139999,1364.869751,175.115845,287.140320,89.113846,35.069275,652.076660
2026-03-24,251.191727,371.235565,174.800446,207.240005,1394.566528,168.078171,289.606537,89.516632,35.135948,649.887756
2026-03-25,252.169983,369.542450,178.272507,211.710007,1389.055664,166.063202,292.597717,90.263260,34.602581,653.509460
2026-03-26,252.439514,364.492889,170.849487,207.539993,1324.888916,164.225159,288.873627,90.538338,34.669250,641.838623
2026-03-27,248.356796,355.330048,167.137970,199.339996,1297.952637,161.217453,280.137878,90.548157,34.326366,630.894043
2026-03-30,246.190659,357.511200,164.793320,200.949997,1249.610962,165.414474,281.058990,91.108124,34.844742,628.784668
2026-03-31,253.337891,368.675964,174.002258,208.270004,1316.248901,168.284592,291.349731,91.363556,36.286320,647.062134
2026-04-01,255.174622,367.879181,175.349182,210.570007,1355.043945,168.432022,292.558075,90.410614,36.019726,651.937378
2026-04-02,255.464111,371.952667,176.985458,209.770004,1312.661499,168.835022,291.785522,91.461792,36.513420,652.524475
2026-04-06,258.398834,371.375031,177.234879,212.789993,1299.487305,168.196121,294.125000,91.992294,36.207329,655.608765
2026-04-07,253.048416,370.787415,177.693832,213.770004,1301.918823,166.584137,296.066254,92.493317,36.444302,655.897278
2026-04-08,258.438782,372.819122,181.664764,221.250000,1416.121460,166.289261,306.588837,90.390976,37.135471,672.602722
2026-04-09,260.025940,371.564240,183.490601,233.649994,1443.615723,161.689240,308.938232,89.487160,36.967613,676.483032
2026-04-10,260.015991,369.373108,188.199829,238.380005,1473.152954,160.313171,308.480316,90.587448,37.046608,676.035339
2026-04-13,258.738281,382.818634,188.878265,239.889999,1494.996826,166.672623,312.273224,90.970589,37.500801,682.641785
2026-04-14,258.368896,391.523346,196.061844,249.020004,1513.034180,164.942688,309.724701,89.752419,38.823895,690.959717
2026-04-15,265.955383,409.560272,198.416473,248.500000,1476.630859,169.945709,304.557983,88.259155,40.295097,696.412109
2026-04-16,262.930756,418.563782,197.897659,249.699997,1405.936890,174.378662,308.559967,89.889954,40.413582,698.123413
2026-04-17,269.748627,421.083588,201.220047,250.559998,1454.737061,178.123550,308.898438,86.264877,40.008755,706.560730
2026-04-20,272.563568,416.382629,201.599182,248.279999,1471.379150,175.882507,315.568390,86.451530,39.949512,705.147766
2026-04-21,265.695862,422.448029,199.424179,249.910004,1453.909912,173.425232,311.596283,87.099922,38.922630,700.531250
2026-04-22,272.683411,431.172699,202.038193,255.360001,1438.653076,171.046585,311.616180,87.915314,38.656040,707.625305
2026-04-23,272.942902,414.071991,199.184708,255.080002,1412.882690,160.460602,310.292175,87.699181,38.033989,704.879211
2026-04-24,270.577118,422.906189,207.795029,263.989990,1452.644287,172.265381,306.897461,87.561646,40.650551,710.341492
2026-04-27,267.133270,423.105377,216.116013,261.119995,1430.589722,170.476486,310.232422,85.380714,40.680176,711.565369
2026-04-28,270.227753,427.517487,212.683853,259.700012,1382.771729,170.525635,310.053253,86.048744,40.650551,708.102905
2026-04-29,269.688721,422.746826,208.772797,263.040009,1392.279297,167.193558,307.863098,87.345520,39.781658,707.993408
2026-04-30,270.866638,406.134155,199.114868,265.059998,1437.131348,166.593979,311.825256,89.074547,41.687305,715.037720
2026-05-01,279.640961,412.767273,197.997437,268.260010,1425.176880,167.842270,311.068665,87.414291,43.326363,717.017700
2026-05-04,276.336853,411.950562,198.027344,272.049988,1384.419434,168.490997,306.270264,87.689362,43.829926,714.390991
2026-05-05,283.673767,409.719604,196.051865,273.549988,1441.056274,172.389999,308.012421,88.131447,44.303867,720.122009
2026-05-06,286.997833,412.289185,207.356033,274.989990,1542.744751,173.130005,313.487762,85.665611,45.182640,730.131287
2026-05-07,286.927948,419.071716,211.017670,271.170013,1514.641113,174.710007,304.896454,82.757690,45.222137,727.892639
2026-05-08,292.797485,413.444519,214.709229,272.679993,1589.963745,173.699997,300.745178,82.492447,45.488728,733.902161
2026-05-11,292.427795,410.994446,218.939560,268.989990,1563.787598,170.100006,298.654572,83.857986,45.814568,735.573669
2026-05-12,294.545959,406.124176,220.276505,265.820007,1518.975464,167.270004,303.512695,83.848167,46.406998,734.459351
2026-05-13,298.612457,403.574524,225.314987,270.130005,1579.537109,160.820007,298.903473,83.435555,46.485989,738.568542
2026-05-14,297.953033,407.777466,235.202393,267.220001,1582.463379,164.179993,298.565002,83.022949,45.222137,744.398987
2026-05-15,299.971313,420.217072,224.806152,264.140015,1499.870239,169.479996,296.474396,83.857986,44.175510,735.444397
2026-05-18,297.583344,421.830566,221.813004,264.859985,1470.488281,174.619995,299.381317,87.031143,43.721313,734.927002
2026-05-19,298.712372,415.735260,220.106888,259.339996,1457.554932,178.800003,294.373871,86.903435,43.721313,730.031738
2026-05-20,301.989563,419.360535,222.960373,265.010010,1548.127808,179.889999,300.625732,85.194061,44.501347,737.513855
2026-05-21,304.727173,418.302521,219.009399,268.459991,1589.943726,176.279999,301.641144,85.400368,43.829926,738.976440
2026-05-22,308.553894,417.783539,214.838928,266.320007,1630.790894,175.949997,305.005981,84.965370,44.392735,741.881775
2026-05-26,308.064301,415.248291,214.370010,265.290009,1629.921997,175.149994,305.364349,84.291283,43.632450,746.806824
2026-05-27,310.582153,411.894623,212.115158,271.850006,1595.806152,174.139999,297.937805,83.081879,43.987907,746.677429
2026-05-28,312.240723,426.187683,213.761398,274.000000,1603.695923,175.460007,295.399261,83.101707,44.935795,750.796570
2026-05-29,311.791107,449.394012,210.658493,270.640015,1610.676880,181.789993,297.967682,83.389191,45.004913,752.667114
2026-06-01,306.046051,459.654694,223.848343,261.260010,1626.466431,196.110001,295.249908,84.667984,43.513962,754.716675
2026-06-02,314.928406,440.480774,222.311844,256.519989,1703.167236,190.820007,299.610260,86.065727,42.378471,755.741577
2026-06-03,309.992645,426.537048,214.260254,250.020004,1724.130127,180.669998,299.500793,86.016159,41.470081,750.438416
2026-06-04,310.961823,427.245697,218.415604,253.789993,1755.199951,187.139999,309.495758,85.976517,43.198002,753.274048
2026-06-05,307.075165,415.887085,204.870758,246.029999,1639.619507,184.770004,310.969116,84.658066,42.417969,733.832520
2026-06-08,301.280182,410.966339,208.406799,245.220001,1746.780884,181.919998,309.714752,85.897209,40.502445,735.494080
2026-06-09,290.299622,402.652008,207.957306,244.190002,1775.473755,178.919998,311.297638,84.687805,41.657684,733.335083
2026-06-10,291.328735,396.613342,200.195984,238.000000,1731.949951,170.300003,307.753601,85.302422,42.269863,721.773621
2026-06-11,295.375244,389.606567,204.641006,241.509995,1897.026489,163.639999,312.084076,85.104156,43.405350,734.041504
2026-06-12,290.879150,390.005798,204.960663,238.550003,1861.143066,164.179993,319.281677,84.915810,43.326363,738.011353
2026-06-15,296.164581,399.008881,212.212540,246.020004,1890.215454,164.330002,317.967590,81.892303,43.365856,751.025452
2026-06-16,298.982147,393.089996,207.178177,246.000000,1801.560059,165.410004,329.654938,81.535431,43.000523,746.548157
2026-06-17,295.694977,378.198029,204.421249,237.500000,1865.417358,158.789993,331.964508,79.681679,42.970905,737.225342
2026-06-18,297.753204,378.687103,210.454514,244.389999,1927.187622,155.220001,323.761475,78.125320,42.645065,744.890259
2026-06-22,296.754089,366.649780,208.416779,232.789993,1926.758179,149.509995,329.993408,78.967941,45.301128,742.546143
2026-06-23,294.046387,373.237366,199.816406,234.110001,1776.162842,153.380005,332.641479,78.819237,46.821693,731.762878
2026-06-24,292.827423,364.773315,198.777573,234.270004,1760.493164,152.750000,331.954590,77.024963,46.811821,731.423706
2026-06-25,274.912903,352.167023,195.521225,227.009995,1838.801880,148.059998,333.617065,76.658180,47.038921,732.481079
2026-06-26,283.535461,372.269196,192.314804,232.690002,1792.302002,155.089996,327.574280,75.865128,47.463493,727.184265
2026-06-29,281.497223,367.877472,194.752075,240.139999,1880.677734,154.899994,327.912781,76.222000,47.730087,739.164490
2026-06-30,289.110657,372.319092,199.866348,238.339996,1986.870361,154.110001,325.862000,76.866356,47.335133,744.920227
2026-07-01,294.126343,383.557953,197.359161,241.699997,1840.659546,159.149994,332.571808,75.904778,48.154663,743.912720
2026-07-02,308.364044,389.756256,194.612244,242.669998,1767.034668,162.589996,332.970001,77.342178,49.793720,742.935181
2026-07-06,312.390594,386.013306,195.331436,244.160004,1822.712646,160.490005,337.720001,77.461143,48.638481,749.419067
2026-07-07,310.392303,388.109375,196.709885,245.979996,1745.023193,162.770004,339.220001,81.277687,49.013687,745.857910
2026-07-08,313.119965,382.619720,203.891846,243.619995,1766.365601,157.419998,330.619995,81.525520,48.273148,743.553650
2026-07-09,315.947510,383.637787,202.553345,247.039993,1801.919556,158.460007,335.470001,80.692818,48.263275,749.848022
2026-07-10,315.048309,384.376404,210.724213,245.339996,1794.998413,157.860001,336.470001,81.515610,48.855705,753.079956
2026-07-13,317.036560,390.255341,203.302505,247.309998,1723.810669,159.970001,334.529999,83.250404,48.658226,747.314270
2026-07-14,314.588684,384.206726,211.563278,247.490005,1773.346558,154.809998,342.890015,83.676674,48.450878,749.967712
2026-07-15,327.217804,394.886627,212.262482,254.960007,1812.925415,155.910004,346.910004,83.904671,49.922081,752.940308
2026-07-16,332.972839,400.346344,207.168182,249.889999,1782.564575,161.639999,343.149994,84.340851,50.830471,748.860413
2026-07-17,333.452393,393.080017,202.583313,247.229996,1745.322754,159.039993,341.100006,86.561386,49.685108,741.448792
2026-07-20,326.308563,401.534119,203.052795,249.990005,1736.773804,158.350006,338.869995,85.451111,48.984066,740.251831
2026-07-21,327.457581,397.002625,207.058304,247.550003,1799.183105,154.339996,345.230011,86.442429,48.756969,746.426514
2026-07-22,325.609192,389.606567,211.822983,244.850006,1799.532593,148.750000,348.209991,87.007477,47.581982,745.558594
2026-07-23,321.382843,380.863007,208.526657,233.660004,1800.671143,146.380005,349.899994,87.185913,47.572109,736.351501
2026-07-24,332.733032,380.982819,206.608810,232.110001,1754.820435,160.000000,353.209991,87.612175,48.154663,737.099609
2026-07-27,336.619690,388.368896,196.290359,231.389999,1653.122070,171.009995,356.200012,85.619644,49.043304,737.259277
2026-07-28,339.786926,392.610901,196.789795,230.860001,1582.949951,179.169998,357.309998,85.451111,50.317032,739.024841
2026-07-29,337.898590,389.806183,189.797623,226.649994,1550.689941,185.990005,344.709991,87.572525,50.929211,727.653137
2026-07-30,333.142670,450.252411,194.821991,235.500000,1651.439941,180.880005,350.850006,89.723679,50.958832,739.852783
2026-07-31,308.643829,463.846802,200.525620,271.579987,1629.000000,183.619995,351.790009,91.180908,46.485989,745.179626
2026-08-03,303.158569,486.733704,206.409042,284.019989,1642.520020,189.649994,352.640015,90.288719,46.495861,755.793213
2026-08-04,309.113403,491.884033,211.703110,277.420013,1711.890015,195.490005,357.519989,89.059494,43.721313,769.419373
2026-08-05,310.732025,486.544067,218.974976,272.649994,1678.219971,197.330002,359.239990,86.997566,43.968159,767.883179
2026-08-06,312.140808,498.920746,218.745239,272.260010,1704.369995,199.460007,356.299988,88.821579,45.389992,766.656250
2026-08-07,313.059998,499.050507,223.709686,274.480011,1740.989990,206.160004,357.519989,87.731133,46.663715,771.344604
2026-08-10,308.260010,505.109131,217.306839,278.089996,1733.479980,208.550003,359.790009,89.168533,47.127785,771.115173
2026-08-11,304.910004,502.863342,217.256897,272.269989,1799.380005,209.679993,362.040009,89.713760,46.574848,768.651306
2026-08-12,302.250000,491.504730,223.839523,267.279999,1810.069946,204.149994,365.179993,89.287498,45.804691,770.576477
2026-08-13,305.260010,495.946381,225.048187,265.130005,1847.900024,209.279999,363.109985,89.138794,46.130531,775.953186
2026-08-14,305.929993,494.469147,224.908340,262.649994,1844.079956,207.970001,362.839996,90.470001,45.311001,774.416992
2026-08-17,305.589996,479.447449,224.758499,261.309998,1883.119995,207.839996,360.959991,91.620003,44.880001,770.756042
2026-08-18,310.029999,480.725037,219.494400,259.450012,1802.979980,210.470001,363.250000,92.010002,45.709999,765.549011
2026-08-19,316.829987,483.399994,217.316833,265.839996,1751.729980,215.600006,357.260010,92.769997,46.480000,767.154968
2026-08-20,311.299988,481.149994,216.607635,260.109985,1750.310059,217.089996,351.549988,93.650002,46.139999,760.710999
2026-08-21,309.350006,483.239990,214.480011,258.630005,1763.760010,218.679993,351.579987,93.330002,46.740002,763.823242
2026-08-24,310.339996,487.309998,208.246979,262.070007,1740.130005,218.660004,356.390015,93.000000,46.919998,761.578796
2026-08-25,309.899994,491.709991,212.811874,261.059998,1744.160034,216.929993,356.690002,92.220001,48.660000,764.012756
2026-08-26,313.450012,496.369995,209.425659,260.279999,1745.640015,211.679993,356.500000,91.110001,47.189999,764.182373
2026-08-27,314.579987,505.059998,227.725174,256.260010,1735.010010,221.169998,354.220001,90.699997,46.259998,769.189941
2026-08-28,319.700012,513.530029,217.306839,266.429993,1696.160034,221.539993,357.619995,90.910004,45.610001,767.444275
2026-08-31,316.850006,507.290009,220.533234,259.769989,1696.010010,220.889999,356.019989,91.449997,45.330002,765.149963
2026-09-01,325.130005,501.019989,217.196976,254.919998,1665.140015,212.039993,354.950012,93.510002,45.119999,759.893066
2026-09-02,324.959991,496.820007,224.159180,254.979996,1682.300049,209.690002,356.220001,92.800003,46.770000,763.264648
2026-09-03,328.209991,510.119995,228.194656,258.899994,1646.189941,217.029999,362.059998,92.330002,47.509998,771.254822
2026-09-04,319.970001,499.700012,230.102524,258.510010,1714.880005,215.110001,358.640015,92.949997,46.599998,768.282227
2026-09-08,316.220001,493.950012,225.477692,256.970001,1764.849976,211.490005,353.510010,95.320000,45.160000,764.062683
2026-09-09,315.339996,491.649994,223.419998,252.399994,1729.520020,209.139999,354.709991,95.599998,44.560001,760.511536
2026-09-10,326.570007,492.440002,218.360001,251.889999,1687.430054,205.949997,353.559998,95.959999,44.009998,755.952820
2026-09-11,332.269989,495.630005,218.289993,256.779999,1698.300049,206.360001,356.230011,96.769997,43.070000,762.396790
2026-09-14,333.079987,505.410004,210.960007,253.539993,1575.150024,218.279999,350.130005,96.449997,43.450001,758.995239
2026-09-15,331.339996,497.119995,212.169998,248.419998,1591.479980,215.669998,352.489990,98.949997,42.529999,755.513916
2026-09-16,332.410004,490.299988,213.899994,245.960007,1602.219971,213.199997,348.920013,95.699997,41.709999,752.182190
2026-09-17,337.000000,497.750000,219.339996,251.190002,1629.670044,213.660004,349.309998,95.820000,43.189999,760.710999
2026-09-18,336.130005,493.779999,222.270004,253.710007,1679.920044,209.449997,349.670013,94.540001,43.240002,761.690002
2026-09-21,338.980011,501.609985,227.380005,258.450012,1711.319946,209.220001,352.040009,93.269997,39.799999,773.500000
2026-09-22,339.750000,498.000000,228.869995,254.979996,1747.900024,210.679993,340.000000,93.930000,39.400002,773.380005
2026-09-23,337.019989,500.589996,225.509995,249.270004,1744.609985,210.619995,337.529999,95.410004,38.169998,767.809998
2026-09-24,335.920013,497.929993,224.580002,249.380005,1722.500000,209.110001,338.559998,95.599998,38.619999,767.179993
2026-09-25,341.070007,516.169983,225.070007,249.669998,1743.939941,210.679993,343.059998,95.779999,38.799999,771.349976
